cell_id,crash_count,gi_zscore,gi_pvalue,hotspot_category,lat,lon
0,0,-0.5545490045878921,0.001,Not Significant,52.38690460651223,-2.0284818457344853
1,0,-0.5251525233738155,0.073,Not Significant,52.39139965437869,-2.028484765850294
2,0,-0.45656073387430346,0.23,Not Significant,52.395894698803936,-2.0284876867354975
3,1,-0.3977677714461502,0.262,Not Significant,52.40038973978805,-2.0284906083903667
4,0,-0.4663595609456623,0.202,Not Significant,52.40488477733118,-2.0284935308151715
5,0,-0.5349513504451745,0.046,Not Significant,52.40937981143353,-2.0284964540101833
6,0,-0.5545490045878921,0.001,Not Significant,52.41387484209519,-2.028499377975672
7,0,-0.5545490045878921,0.001,Not Significant,52.41836986931636,-2.0285023027119102
8,0,-0.5545490045878921,0.001,Not Significant,52.42286489309715,-2.0285052282191645
9,0,-0.5545490045878921,0.001,Not Significant,52.42735991343773,-2.0285081544977097
10,0,-0.5545490045878921,0.001,Not Significant,52.43185493033824,-2.0285110815478156
11,0,-0.5545490045878921,0.001,Not Significant,52.43634994379885,-2.0285140093697542
12,0,-0.5545490045878921,0.001,Not Significant,52.44084495381969,-2.028516937963796
13,0,-0.5545490045878921,0.001,Not Significant,52.445339960400915,-2.0285198673302136
14,0,-0.5545490045878921,0.001,Not Significant,52.44983496354266,-2.0285227974692766
15,0,-0.5545490045878921,0.001,Not Significant,52.454329963245115,-2.028525728381258
16,0,-0.5545490045878921,0.001,Not Significant,52.458824959508384,-2.0285286600664305
17,0,-0.5545490045878921,0.001,Not Significant,52.46331995233263,-2.0285315925250664
18,0,-0.5545490045878921,0.001,Not Significant,52.46781494171804,-2.028534525757436
19,0,-0.5545490045878921,0.001,Not Significant,52.47230992766471,-2.0285374597638133
20,0,-0.5545490045878921,0.001,Not Significant,52.476804910172845,-2.0285403945444695
21,0,-0.5545490045878921,0.001,Not Significant,52.48129988924256,-2.0285433300996782
22,0,-0.5545490045878921,0.001,Not Significant,52.48579486487399,-2.0285462664297107
23,0,-0.5545490045878921,0.001,Not Significant,52.49028983706733,-2.0285492035348414
24,0,-0.5545490045878921,0.001,Not Significant,52.49478480582271,-2.028552141415343
25,0,-0.5545490045878921,0.001,Not Significant,52.499279771140266,-2.028555080071488
26,0,-0.5545490045878921,0.001,Not Significant,52.503774733020165,-2.0285580195035493
27,0,-0.5545490045878921,0.001,Not Significant,52.50826969146256,-2.0285609597118017
28,0,-0.5545490045878921,0.001,Not Significant,52.5127646464676,-2.028563900696517
29,0,-0.5545490045878921,0.001,Not Significant,52.517259598035466,-2.0285668424579706
30,0,-0.5545490045878921,0.001,Not Significant,52.52175454616623,-2.0285697849964346
31,0,-0.5545490045878921,0.001,Not Significant,52.52624949086012,-2.0285727283121844
32,0,-0.5545490045878921,0.001,Not Significant,52.53074443211726,-2.028575672405493
33,0,-0.5545490045878921,0.001,Not Significant,52.53523936993779,-2.0285786172766347
34,0,-0.5545490045878921,0.001,Not Significant,52.53973430432186,-2.028581562925885
35,0,-0.5545490045878921,0.001,Not Significant,52.544229235269654,-2.028584509353515
36,0,-0.5545490045878921,0.001,Not Significant,52.54872416278131,-2.028587456559803
37,0,-0.5545490045878921,0.001,Not Significant,52.55321908685697,-2.0285904045450223
38,0,-0.5545490045878921,0.001,Not Significant,52.557714007496806,-2.0285933533094473
39,0,-0.5545490045878921,0.001,Not Significant,52.562208924700926,-2.0285963028533525
40,0,-0.5545490045878921,0.001,Not Significant,52.566703838469536,-2.0285992531770147
41,0,-0.5545490045878921,0.001,Not Significant,52.57119874880275,-2.0286022042807086
42,0,-0.5545490045878921,0.001,Not Significant,52.57569365570072,-2.0286051561647076
43,0,-0.5545490045878921,0.001,Not Significant,52.58018855916365,-2.02860810882929
44,0,-0.5545490045878921,0.001,Not Significant,52.58468345919161,-2.0286110622747295
45,0,-0.5545490045878921,0.001,Not Significant,52.58917835578484,-2.0286140165013027
46,0,-0.5545490045878921,0.001,Not Significant,52.59367324894344,-2.0286169715092863
47,0,-0.5545490045878921,0.001,Not Significant,52.59816813866756,-2.028619927298953
48,0,-0.5545490045878922,0.001,Not Significant,52.60266302495736,-2.028622883870583
49,0,-0.5251525233738155,0.073,Not Significant,52.386906164693634,-2.021135293487158
50,0,-0.4810578015527006,0.073,Not Significant,52.39140121281111,-2.0211374673147815
51,3,-0.30345406088432114,0.146,Not Significant,52.39589625748737,-2.0211396417150396
52,6,-0.15034738789433874,0.163,Not Significant,52.400391298722575,-2.0211418166881345
53,2,-0.37694526391951266,0.086,Not Significant,52.40488633651686,-2.0211439922342676
54,0,-0.5116791361506972,0.032,Not Significant,52.409381370870406,-2.021146168353638
55,0,-0.5545490045878921,0.001,Not Significant,52.41387640178331,-2.02114834504645
56,0,-0.5545490045878921,0.001,Not Significant,52.41837142925578,-2.021150522312903
57,0,-0.5545490045878921,0.001,Not Significant,52.42286645328791,-2.0211527001531997
58,0,-0.5545490045878921,0.001,Not Significant,52.427361473879884,-2.021154878567542
59,0,-0.5423004707486936,0.007,Not Significant,52.43185649103185,-2.021157057556131
60,0,-0.530051936909495,0.02,Not Significant,52.43635150474395,-2.0211592371191696
61,0,-0.44431220003510485,0.163,Not Significant,52.44084651501633,-2.0211614172568577
62,0,-0.45656073387430346,0.127,Not Significant,52.445341521849166,-2.021163597969399
63,0,-0.46880926771350206,0.099,Not Significant,52.44983652524256,-2.021165779256996
64,0,-0.5545490045878921,0.001,Not Significant,52.45433152519671,-2.0211679611198496
65,0,-0.5484247376682929,0.004,Not Significant,52.45882652171173,-2.0211701435581633
66,0,-0.5484247376682929,0.004,Not Significant,52.46332151478781,-2.021172326572141
67,0,-0.5484247376682929,0.004,Not Significant,52.467816504425066,-2.021174510161981
68,0,-0.5545490045878921,0.001,Not Significant,52.472311490623646,-2.0211766943278904
69,0,-0.5545490045878921,0.001,Not Significant,52.47680647338373,-2.021178879070068
70,0,-0.5545490045878921,0.001,Not Significant,52.481301452705445,-2.0211810643887214
71,0,-0.5545490045878921,0.001,Not Significant,52.485796428588955,-2.0211832502840488
72,0,-0.5545490045878921,0.001,Not Significant,52.49029140103438,-2.021185436756256
73,0,-0.5545490045878921,0.001,Not Significant,52.49478637004193,-2.0211876238055466
74,0,-0.5545490045878921,0.001,Not Significant,52.49928133561171,-2.0211898114321225
75,0,-0.5545490045878921,0.001,Not Significant,52.50377629774388,-2.0211919996361876
76,0,-0.5545490045878921,0.001,Not Significant,52.508271256438604,-2.021194188417945
77,0,-0.5545490045878921,0.001,Not Significant,52.51276621169601,-2.0211963777775983
78,0,-0.5545490045878921,0.001,Not Significant,52.51726116351627,-2.021198567715352
79,0,-0.5545490045878921,0.001,Not Significant,52.52175611189951,-2.0212007582314087
80,0,-0.5545490045878921,0.001,Not Significant,52.52625105684593,-2.021202949325972
81,0,-0.5545490045878921,0.001,Not Significant,52.53074599835565,-2.021205140999248
82,0,-0.5545490045878921,0.001,Not Significant,52.53524093642881,-2.021207333251439
83,0,-0.5545490045878921,0.001,Not Significant,52.53973587106555,-2.0212095260827487
84,0,-0.5545490045878921,0.001,Not Significant,52.54423080226608,-2.0212117194933827
85,0,-0.5545490045878921,0.001,Not Significant,52.548725730030505,-2.021213913483545
86,0,-0.5545490045878921,0.001,Not Significant,52.553220654359016,-2.0212161080534403
87,0,-0.5545490045878921,0.001,Not Significant,52.55771557525172,-2.0212183032032724
88,0,-0.5545490045878921,0.001,Not Significant,52.56221049270878,-2.0212204989332463
89,0,-0.5545490045878921,0.001,Not Significant,52.566705406730364,-2.021222695243566
90,0,-0.5545490045878921,0.001,Not Significant,52.571200317316624,-2.021224892134438
91,0,-0.5545490045878921,0.001,Not Significant,52.5756952244677,-2.0212270896060653
92,0,-0.5545490045878921,0.001,Not Significant,52.58019012818372,-2.021229287658654
93,0,-0.5545490045878921,0.001,Not Significant,52.58468502846492,-2.02123148629241
94,0,-0.5545490045878921,0.001,Not Significant,52.58917992531139,-2.021233685507537
95,0,-0.5545490045878921,0.001,Not Significant,52.59367481872327,-2.021235885304241
96,0,-0.5545490045878921,0.001,Not Significant,52.59816970870072,-2.0212380856827283
97,0,-0.554549004587892,0.001,Not Significant,52.60266459524396,-2.021240286643203
98,0,-0.4859572150883801,0.158,Not Significant,52.38690726631244,-2.0137887406674215
99,3,-0.28508126012552326,0.198,Not Significant,52.39140231460726,-2.013790168206659
100,6,-0.10747751945714366,0.273,Not Significant,52.39589735946094,-2.0137915961217723
101,1,-0.29120552704512254,0.415,Not Significant,52.40039240087356,-2.0137930244128905
102,5,-0.217714324009931,0.115,Not Significant,52.40488743884531,-2.01379445308015
103,0,-0.48718206847229995,0.062,Not Significant,52.40938247337635,-2.013795882123679
104,0,-0.5545490045878921,0.001,Not Significant,52.413877504466804,-2.0137973115436116
105,0,-0.5545490045878921,0.001,Not Significant,52.41837253211684,-2.013798741340081
106,0,-0.5484247376682929,0.005,Not Significant,52.42286755632658,-2.0138001715132168
107,0,-0.5361762038290944,0.016,Not Significant,52.4273625770962,-2.0138016020631544
108,0,-0.4933063353918992,0.052,Not Significant,52.43185759442584,-2.013803032990024
109,2,-0.37694526391951266,0.085,Not Significant,52.43635260831566,-2.013804464293959
110,2,-0.2973297939647218,0.287,Not Significant,52.44084761876581,-2.013805895975093
111,14,0.1742387588444238,0.032,Not Significant,52.44534262577641,-2.0138073280335576
112,0,-0.42593939927630703,0.209,Not Significant,52.44983762934764,-2.0138087604694834
113,0,-0.48718206847229995,0.062,Not Significant,52.45433262947965,-2.013810193283007
114,0,-0.4504364669547042,0.146,Not Significant,52.45882762617259,-2.0138116264742614
115,1,-0.44431220003510485,0.052,Not Significant,52.46332261942656,-2.0138130600433746
116,0,-0.5178034030702964,0.027,Not Significant,52.46781760924179,-2.0138144939904845
117,0,-0.5545490045878921,0.001,Not Significant,52.472312595618384,-2.0138159283157226
118,0,-0.5545490045878921,0.001,Not Significant,52.47680757855651,-2.013817363019221
119,0,-0.5545490045878921,0.001,Not Significant,52.481302558056306,-2.0138187981011146
120,0,-0.5545490045878921,0.001,Not Significant,52.48579753411792,-2.013820233561535
121,0,-0.5545490045878921,0.001,Not Significant,52.490292506741525,-2.013821669400616
122,0,-0.5545490045878921,0.001,Not Significant,52.494787475927254,-2.013823105618492
123,0,-0.5545490045878921,0.001,Not Significant,52.49928244167526,-2.0138245422152945
124,0,-0.5545490045878921,0.001,Not Significant,52.50377740398569,-2.01382597919116
125,0,-0.5545490045878921,0.001,Not Significant,52.5082723628587,-2.0138274165462193
126,0,-0.5545490045878921,0.001,Not Significant,52.512767318294436,-2.013828854280606
127,0,-0.5545490045878921,0.001,Not Significant,52.51726227029307,-2.0138302923944553
128,0,-0.5545490045878921,0.001,Not Significant,52.52175721885473,-2.0138317308879006
129,0,-0.5545490045878921,0.001,Not Significant,52.526252163979585,-2.013833169761076
130,0,-0.5545490045878921,0.001,Not Significant,52.53074710566778,-2.013834609014114
131,0,-0.5545490045878921,0.001,Not Significant,52.53524204391944,-2.0138360486471494
132,0,-0.5545490045878921,0.001,Not Significant,52.53973697873474,-2.013837488660317
133,0,-0.5545490045878921,0.001,Not Significant,52.544231910113865,-2.0138389290537493
134,0,-0.5545490045878921,0.001,Not Significant,52.54872683805692,-2.013840369827582
135,0,-0.5545490045878921,0.001,Not Significant,52.553221762564064,-2.0138418109819485
136,0,-0.5545490045878921,0.001,Not Significant,52.557716683635476,-2.013843252516982
137,0,-0.5545490045878921,0.001,Not Significant,52.562211601271265,-2.0138446944328185
138,0,-0.5545490045878921,0.001,Not Significant,52.56670651547163,-2.0138461367295926
139,0,-0.5545490045878921,0.001,Not Significant,52.57120142623669,-2.0138475794074377
140,0,-0.5545490045878921,0.001,Not Significant,52.575696333566604,-2.0138490224664882
141,0,-0.5545490045878921,0.001,Not Significant,52.580191237461534,-2.0138504659068794
142,0,-0.5545490045878921,0.001,Not Significant,52.58468613792163,-2.013851909728746
143,0,-0.5545490045878921,0.001,Not Significant,52.58918103494704,-2.013853353932222
144,0,-0.5545490045878921,0.001,Not Significant,52.59367592853791,-2.013854798517442
145,0,-0.5545490045878921,0.001,Not Significant,52.598170818694385,-2.013856243484542
146,0,-0.554549004587892,0.001,Not Significant,52.602665705416676,-2.013857688833656
147,1,-0.34877363608935585,0.375,Not Significant,52.38690791136855,-2.00644218747197
148,3,-0.18096872249233523,0.44,Not Significant,52.391402959767106,-2.00644286872269
149,7,-0.04623485026115077,0.306,Not Significant,52.395898004724515,-2.006443550152524
150,2,-0.21159005709033168,0.495,Not Significant,52.40039304624093,-2.0064442317615367
151,4,-0.1870929894119345,0.32,Not Significant,52.40488808431647,-2.006444913549788
152,0,-0.3830695308391119,0.32,Not Significant,52.409383118951304,-2.0064455955173437
153,0,-0.47493353463310134,0.086,Not Significant,52.4138781501456,-2.0064462776642653
154,0,-0.5423004707486936,0.009,Not Significant,52.41837317789947,-2.0064469599906163
155,0,-0.530051936909495,0.02,Not Significant,52.422868202213074,-2.00644764249646
156,1,-0.44431220003510485,0.052,Not Significant,52.42736322308661,-2.006448325181861
157,2,-0.3157025947235197,0.238,Not Significant,52.43185824052016,-2.006449008046878
158,5,-0.13197458713554086,0.329,Not Significant,52.43635325451393,-2.006449691091579
159,4,-0.11972605329634226,0.481,Not Significant,52.440848265068006,-2.006450374316024
160,1,-0.3463239293215161,0.287,Not Significant,52.4453432721826,-2.006451057720278
161,0,-0.3830695308391119,0.32,Not Significant,52.44983827585783,-2.006451741304403
162,6,-0.16872018865313662,0.114,Not Significant,52.45433327609387,-2.0064524250684643
163,5,-0.10135325253754437,0.399,Not Significant,52.45882827289084,-2.006453109012522
164,5,-0.17484445557273592,0.223,Not Significant,52.463323266248906,-2.0064537931366426
165,0,-0.44431220003510485,0.165,Not Significant,52.467818256168194,-2.006454477440887
166,0,-0.5545490045878921,0.001,Not Significant,52.472313242648895,-2.006455161925321
167,0,-0.5545490045878921,0.001,Not Significant,52.476808225691144,-2.006455846590006
168,0,-0.5545490045878921,0.001,Not Significant,52.481303205295085,-2.006456531435007
169,0,-0.5545490045878921,0.001,Not Significant,52.48579818146088,-2.006457216460387
170,0,-0.5545490045878921,0.001,Not Significant,52.49029315418866,-2.006457901666209
171,0,-0.5545490045878921,0.001,Not Significant,52.49478812347862,-2.0064585870525367
172,0,-0.5545490045878921,0.001,Not Significant,52.499283089330845,-2.0064592726194337
173,0,-0.5545490045878921,0.001,Not Significant,52.50377805174552,-2.006459958366964
174,0,-0.5545490045878921,0.001,Not Significant,52.50827301072282,-2.0064606442951916
175,0,-0.5545490045878921,0.001,Not Significant,52.51276796626285,-2.0064613304041794
176,0,-0.5545490045878921,0.001,Not Significant,52.517262918365795,-2.006462016693991
177,0,-0.5545490045878921,0.001,Not Significant,52.52175786703178,-2.0064627031646913
178,0,-0.5545490045878921,0.001,Not Significant,52.526252812261006,-2.0064633898163415
179,0,-0.5545490045878921,0.001,Not Significant,52.53074775405358,-2.0064640766490096
180,0,-0.5545490045878921,0.001,Not Significant,52.53524269240964,-2.0064647636627555
181,0,-0.5545490045878921,0.001,Not Significant,52.53973762732938,-2.006465450857646
182,0,-0.5545490045878921,0.001,Not Significant,52.54423255881292,-2.0064661382337428
183,0,-0.5545490045878921,0.001,Not Significant,52.54872748686046,-2.0064668257911102
184,0,-0.5545490045878921,0.001,Not Significant,52.55322241147209,-2.0064675135298145
185,0,-0.5545490045878921,0.001,Not Significant,52.557717332648,-2.006468201449916
186,0,-0.5545490045878921,0.001,Not Significant,52.56221225038834,-2.0064688895514813
187,0,-0.5545490045878921,0.001,Not Significant,52.56670716469325,-2.0064695778345736
188,0,-0.5545490045878921,0.001,Not Significant,52.57120207556287,-2.0064702662992575
189,0,-0.5545490045878921,0.001,Not Significant,52.5756969829974,-2.006470954945596
190,0,-0.5545490045878921,0.001,Not Significant,52.58019188699693,-2.006471643773655
191,0,-0.5545490045878921,0.001,Not Significant,52.58468678756165,-2.006472332783497
192,0,-0.5545490045878921,0.001,Not Significant,52.58918168469173,-2.0064730219751876
193,0,-0.5545490045878921,0.001,Not Significant,52.59367657838728,-2.00647371134879
194,0,-0.5545490045878921,0.001,Not Significant,52.59817146864848,-2.0064744009043687
195,0,-0.554549004587892,0.001,Not Significant,52.60266635547548,-2.0064750906419873
196,9,0.00398413847956352,0.278,Not Significant,52.38690809986197,-1.999095634097493
197,1,-0.1993415232511331,0.366,Not Significant,52.391403148290614,-1.9990955690596328
198,10,0.15586595808562598,0.429,Not Significant,52.39589819327809,-1.9990955040041256
199,1,-0.217714324009931,0.403,Not Significant,52.40039323482463,-1.9990954389309672
200,6,-0.05848338410034936,0.383,Not Significant,52.40488827293026,-1.9990953738401496
201,13,0.22323289420121817,0.237,Not Significant,52.40938330759523,-1.9990953087316683
202,0,-0.4136908654371084,0.237,Not Significant,52.41387833881964,-1.9990952436055163
203,0,-0.530051936909495,0.02,Not Significant,52.41837336660363,-1.999095178461687
204,2,-0.4381879331155056,0.016,Not Significant,52.4228683909474,-1.999095113300176
205,1,-0.4014423315979099,0.148,Not Significant,52.42736341185107,-1.9990950481209744
206,5,-0.11360178637674297,0.37,Not Significant,52.43185842931478,-1.9990949829240776
207,9,0.12524462348762944,0.478,Not Significant,52.43635344333869,-1.99909491770948
208,5,-0.10747751945714366,0.384,Not Significant,52.44084845392294,-1.9990948524771748
209,1,-0.4075665985175091,0.13,Not Significant,52.4453434610677,-1.999094787227155
210,0,-0.4014423315979099,0.275,Not Significant,52.44983846477309,-1.9990947219594142
211,6,-0.08910471869834578,0.32,Not Significant,52.4543334650393,-1.9990946566739485
212,4,-0.027862049502352885,0.313,Not Significant,52.458828461866474,-1.999094591370749
213,12,0.18036302576402316,0.258,Not Significant,52.46332345525472,-1.9990945260498114
214,0,-0.4075665985175091,0.257,Not Significant,52.46781844520421,-1.9990944607111283
215,0,-0.5545490045878921,0.001,Not Significant,52.47231343171512,-1.999094395354695
216,0,-0.5545490045878921,0.001,Not Significant,52.47680841478758,-1.9990943299805033
217,0,-0.5545490045878921,0.001,Not Significant,52.481303394421744,-1.9990942645885483
218,0,-0.5545490045878921,0.001,Not Significant,52.48579837061776,-1.999094199178823
219,0,-0.5545490045878921,0.001,Not Significant,52.49029334337576,-1.999094133751322
220,0,-0.5545490045878921,0.001,Not Significant,52.49478831269594,-1.9990940683060383
221,0,-0.5545490045878921,0.001,Not Significant,52.499283278578424,-1.9990940028429653
222,0,-0.5545490045878921,0.001,Not Significant,52.50377824102335,-1.9990939373620986
223,0,-0.5545490045878921,0.001,Not Significant,52.508273200030885,-1.9990938718634301
224,0,-0.5545490045878921,0.001,Not Significant,52.51276815560118,-1.999093806346954
225,0,-0.5545490045878921,0.001,Not Significant,52.517263107734394,-1.9990937408126648
226,0,-0.5545490045878921,0.001,Not Significant,52.52175805643066,-1.9990936752605561
227,0,-0.5545490045878921,0.001,Not Significant,52.52625300169016,-1.9990936096906207
228,0,-0.5545490045878921,0.001,Not Significant,52.530747943513006,-1.9990935441028523
229,0,-0.5545490045878921,0.001,Not Significant,52.53524288189938,-1.9990934784972456
230,0,-0.5545490045878921,0.001,Not Significant,52.5397378168494,-1.9990934128737945
231,0,-0.5545490045878921,0.001,Not Significant,52.54423274836328,-1.9990933472324928
232,0,-0.5545490045878921,0.001,Not Significant,52.5487276764411,-1.9990932815733318
233,0,-0.5545490045878921,0.001,Not Significant,52.553222601083064,-1.999093215896308
234,0,-0.5545490045878921,0.001,Not Significant,52.55771752228929,-1.999093150201414
235,0,-0.5545490045878921,0.001,Not Significant,52.56221244005995,-1.999093084488644
236,0,-0.5545490045878921,0.001,Not Significant,52.566707354395184,-1.999093018757991
237,0,-0.5545490045878921,0.001,Not Significant,52.571202265295156,-1.999092953009449
238,0,-0.5545490045878921,0.001,Not Significant,52.57569717276002,-1.9990928872430127
239,0,-0.5545490045878921,0.001,Not Significant,52.5801920767899,-1.9990928214586745
240,0,-0.5545490045878921,0.001,Not Significant,52.58468697738499,-1.9990927556564289
241,0,-0.5545490045878921,0.001,Not Significant,52.589181874545424,-1.9990926898362686
242,0,-0.5545490045878921,0.001,Not Significant,52.59367676827135,-1.9990926239981883
243,0,-0.5545490045878921,0.001,Not Significant,52.598171658562926,-1.99909255814218
244,0,-0.554549004587892,0.001,Not Significant,52.602666545420284,-1.9990924922682407
245,0,-0.34877363608935585,0.485,Not Significant,52.38690783179263,-1.991749080740683
246,7,0.1313688904072288,0.288,Not Significant,52.391402880177736,-1.9917482694142488
247,13,0.38246383411079987,0.372,Not Significant,52.39589792512168,-1.9917474578734067
248,2,-0.05848338410034936,0.203,Not Significant,52.40039296662464,-1.991746646118083
249,3,-0.07073191793954796,0.304,Not Significant,52.40488800468673,-1.9917458341482035
250,8,0.12524462348762944,0.4,Not Significant,52.40938303930812,-1.991745021963691
251,2,-0.17484445557273592,0.416,Not Significant,52.41387807048894,-1.9917442095644702
252,0,-0.42593939927630703,0.205,Not Significant,52.41837309822936,-1.9917433969504683
253,0,-0.43206366619590625,0.194,Not Significant,52.42286812252952,-1.9917425841216063
254,1,-0.3157025947235197,0.363,Not Significant,52.42736314338957,-1.9917417710778107
255,6,-0.04011058334155147,0.43,Not Significant,52.43185816080967,-1.9917409578190057
256,7,0.07012622121123584,0.416,Not Significant,52.43635317478995,-1.9917401443451155
257,5,-0.10135325253754437,0.401,Not Significant,52.44084818533056,-1.991739330656064
258,1,-0.37082099699991333,0.221,Not Significant,52.445343192431665,-1.9917385167517774
259,0,-0.37694526391951266,0.333,Not Significant,52.44983819609342,-1.991737702632179
260,10,0.1742387588444238,0.48,Not Significant,52.454333196315964,-1.9917368882971922
261,3,0.021132085854441478,0.168,Not Significant,52.45882819309946,-1.9917360737467418
262,7,0.09462328888963302,0.361,Not Significant,52.463323186444015,-1.9917352589807527
263,0,-0.3585724631607147,0.373,Not Significant,52.467818176349844,-1.9917344439991485
264,0,-0.5055548692310978,0.043,Not Significant,52.472313162817066,-1.9917336288018528
265,0,-0.5545490045878921,0.001,Not Significant,52.4768081458458,-1.9917328133887902
266,0,-0.5545490045878921,0.001,Not Significant,52.48130312543626,-1.9917319977598857
267,0,-0.5545490045878921,0.001,Not Significant,52.48579810158853,-1.9917311819150625
268,0,-0.5545490045878921,0.001,Not Significant,52.49029307430281,-1.9917303658542438
269,0,-0.5545490045878921,0.001,Not Significant,52.494788043579256,-1.9917295495773557
270,0,-0.5545490045878921,0.001,Not Significant,52.49928300941797,-1.9917287330843192
271,0,-0.5545490045878921,0.001,Not Significant,52.503777971819154,-1.9917279163750614
272,0,-0.5545490045878921,0.001,Not Significant,52.50827293078293,-1.9917270994495033
273,0,-0.5545490045878921,0.001,Not Significant,52.51276788630943,-1.9917262823075699
274,0,-0.5545490045878921,0.001,Not Significant,52.517262838398864,-1.991725464949186
275,0,-0.5545490045878921,0.001,Not Significant,52.521757787051335,-1.9917246473742738
276,0,-0.5545490045878921,0.001,Not Significant,52.52625273226702,-1.991723829582758
277,0,-0.5545490045878921,0.001,Not Significant,52.53074767404607,-1.9917230115745612
278,0,-0.5545490045878921,0.001,Not Significant,52.535242612388615,-1.9917221933496077
279,0,-0.5545490045878921,0.001,Not Significant,52.539737547294806,-1.9917213749078213
280,0,-0.5545490045878921,0.001,Not Significant,52.54423247876484,-1.9917205562491256
281,0,-0.5545490045878921,0.001,Not Significant,52.548727406798804,-1.9917197373734434
282,0,-0.5545490045878921,0.001,Not Significant,52.55322233139692,-1.9917189182806985
283,0,-0.5545490045878921,0.001,Not Significant,52.55771725255927,-1.991718098970816
284,0,-0.5545490045878921,0.001,Not Significant,52.56221217028607,-1.991717279443716
285,0,-0.5545490045878921,0.001,Not Significant,52.56670708457742,-1.9917164596993244
286,0,-0.5545490045878921,0.001,Not Significant,52.571201995433505,-1.9917156397375635
287,0,-0.5545490045878921,0.001,Not Significant,52.57569690285447,-1.9917148195583567
288,0,-0.5545490045878921,0.001,Not Significant,52.580191806840446,-1.9917139991616286
289,0,-0.5545490045878921,0.001,Not Significant,52.5846867073916,-1.9917131785472992
290,0,-0.5545490045878921,0.001,Not Significant,52.589181604508106,-1.9917123577152958
291,0,-0.5545490045878921,0.001,Not Significant,52.59367649819011,-1.9917115366655391
292,0,-0.5545490045878921,0.001,Not Significant,52.59817138843771,-1.9917107153979527
293,0,-0.554549004587892,0.001,Not Significant,52.60266627525116,-1.9917098939124591
294,3,-0.2507853653757671,0.382,Not Significant,52.38690710716057,-1.9844025275982315
295,1,-0.13197458713554086,0.243,Not Significant,52.39140215542851,-1.984400969983297
296,19,0.6641801124123673,0.397,Not Significant,52.39589720025528,-1.9843994119571962
297,8,0.27222702955801253,0.165,Not Significant,52.400392241641,-1.9843978535197841
298,5,0.12524462348762944,0.165,Not Significant,52.40488727958585,-1.9843962946709155
299,12,0.5110734394223851,0.121,Not Significant,52.40938231408998,-1.9843947354104479
300,6,0.15586595808562598,0.181,Not Significant,52.413877345153495,-1.9843931757382358
301,7,-0.015613515663154295,0.375,Not Significant,52.41837237277662,-1.9843916156541337
302,4,-0.21159005709033168,0.259,Not Significant,52.42286739695944,-1.9843900551579978
303,5,-0.08298045177874648,0.444,Not Significant,52.42736241770211,-1.9843884942496834
304,8,0.12524462348762944,0.399,Not Significant,52.431857435004844,-1.9843869329290453
305,0,-0.14422312097473944,0.188,Not Significant,52.436352448867716,-1.9843853711959387
306,8,0.16811449192482458,0.313,Not Significant,52.44084745929091,-1.984383809050219
307,3,-0.13197458713554086,0.43,Not Significant,52.44534246627456,-1.9843822464917396
308,0,-0.24833565860792747,0.364,Not Significant,52.44983746981882,-1.9843806835203581
309,8,0.18036302576402316,0.29,Not Significant,52.45433246992388,-1.9843791201359267
310,18,0.6825529131711654,0.267,Not Significant,52.45882746658984,-1.984377556338301
311,5,0.03950488661323942,0.276,Not Significant,52.46332245981685,-1.9843759921273363
312,8,-0.027862049502352885,0.224,Not Significant,52.467817449605086,-1.9843744275028852
313,0,-0.46880926771350206,0.102,Not Significant,52.4723124359547,-1.9843728624648045
314,0,-0.5545490045878921,0.001,Not Significant,52.476807418865825,-1.9843712970129472
315,0,-0.5545490045878921,0.001,Not Significant,52.481302398338634,-1.9843697311471693
316,0,-0.5545490045878921,0.001,Not Significant,52.48579737437324,-1.9843681648673235
317,0,-0.5545490045878921,0.001,Not Significant,52.49029234696984,-1.984366598173264
318,0,-0.5545490045878921,0.001,Not Significant,52.494787316128544,-1.9843650310648457
319,0,-0.5545490045878921,0.001,Not Significant,52.49928228184954,-1.9843634635419236
320,0,-0.5545490045878921,0.001,Not Significant,52.503777244132934,-1.984361895604349
321,0,-0.5545490045878921,0.001,Not Significant,52.50827220297892,-1.984360327251979
322,0,-0.5545490045878921,0.001,Not Significant,52.512767158387625,-1.9843587584846647
323,0,-0.5545490045878921,0.001,Not Significant,52.51726211035922,-1.9843571893022616
324,0,-0.5545490045878921,0.001,Not Significant,52.52175705889384,-1.9843556197046222
325,0,-0.5545490045878921,0.001,Not Significant,52.526252003991615,-1.984354049691602
326,0,-0.5545490045878921,0.001,Not Significant,52.53074694565276,-1.9843524792630534
327,0,-0.5545490045878921,0.001,Not Significant,52.53524188387737,-1.9843509084188293
328,0,-0.5545490045878921,0.001,Not Significant,52.53973681866562,-1.9843493371587844
329,0,-0.5545490045878921,0.001,Not Significant,52.544231750017666,-1.984347765482772
330,0,-0.5545490045878921,0.001,Not Significant,52.54872667793362,-1.9843461933906446
331,0,-0.5545490045878921,0.001,Not Significant,52.55322160241371,-1.9843446208822568
332,0,-0.5545490045878921,0.001,Not Significant,52.55771652345801,-1.984343047957459
333,0,-0.5545490045878921,0.001,Not Significant,52.56221144106673,-1.9843414746161074
334,0,-0.5545490045878921,0.001,Not Significant,52.56670635523999,-1.9843399008580531
335,0,-0.5545490045878921,0.001,Not Significant,52.57120126597793,-1.9843383266831502
336,0,-0.5545490045878921,0.001,Not Significant,52.57569617328075,-1.984336752091251
337,0,-0.5545490045878921,0.001,Not Significant,52.58019107714854,-1.984335177082208
338,0,-0.5545490045878921,0.001,Not Significant,52.58468597758152,-1.9843336016558748
339,0,-0.5545490045878921,0.001,Not Significant,52.58918087457981,-1.984332025812103
340,0,-0.5545490045878921,0.001,Not Significant,52.593675768143555,-1.984330449550747
341,0,-0.5545490045878921,0.001,Not Significant,52.5981706582729,-1.984328872871657
342,0,-0.554549004587892,0.001,Not Significant,52.60266554496805,-1.9843272957746882
343,4,-0.21159005709033163,0.356,Not Significant,52.38690592596585,-1.9770559748668295
344,4,-0.04011058334155147,0.339,Not Significant,52.39140097404297,-1.97705367096354
345,11,0.29059983031681047,0.364,Not Significant,52.39589601867891,-1.9770513664523228
346,1,-0.07073191793954796,0.165,Not Significant,52.40039105987375,-1.9770490613329665
347,17,0.6090617101359739,0.316,Not Significant,52.40488609762769,-1.9770467556052553
348,20,0.9581449245531335,0.086,Not Significant,52.40938113194085,-1.9770444492689763
349,17,0.841783853080747,0.068,Not Significant,52.41387616281339,-1.977042142323916
350,2,0.0762504881308352,0.086,Not Significant,52.41837119024546,-1.9770398347698606
351,1,-0.15034738789433874,0.27,Not Significant,52.422866214237224,-1.9770375266065945
352,8,0.1191203565680302,0.415,Not Significant,52.42736123478879,-1.9770352178339072
353,9,0.1742387588444238,0.398,Not Significant,52.431856251900335,-1.9770329084515803
354,11,0.3028483641560091,0.342,Not Significant,52.43635126557204,-1.9770305984594028
355,13,0.3947123679499984,0.35,Not Significant,52.440846275804006,-1.9770282878571583
356,14,0.4008366348695977,0.437,Not Significant,52.44534128259639,-1.977025976644634
357,4,-0.05848338410034936,0.371,Not Significant,52.44983628594934,-1.9770236648216124
358,10,0.29059983031681047,0.27,Not Significant,52.45433128586305,-1.9770213523878817
359,11,0.3334696987540055,0.279,Not Significant,52.45882628233763,-1.9770190393432263
360,4,0.015007818934842241,0.247,Not Significant,52.46332127537322,-1.9770167256874307
361,6,-0.027862049502352885,0.46,Not Significant,52.467816264970004,-1.97701441142028
362,0,-0.3524481962411155,0.39,Not Significant,52.47231125112811,-1.9770120965415594
363,0,-0.45656073387430346,0.136,Not Significant,52.476806233847704,-1.977009781051054
364,0,-0.5484247376682929,0.005,Not Significant,52.481301213128916,-1.9770074649485467
365,0,-0.5545490045878921,0.001,Not Significant,52.48579618897193,-1.9770051482338242
366,0,-0.5545490045878921,0.001,Not Significant,52.49029116137686,-1.9770028309066698
367,0,-0.5545490045878921,0.001,Not Significant,52.49478613034389,-1.9770005129668686
368,0,-0.5545490045878921,0.001,Not Significant,52.49928109587312,-1.976998194414204
369,0,-0.5545490045878921,0.001,Not Significant,52.50377605796477,-1.9769958752484618
370,0,-0.5545490045878921,0.001,Not Significant,52.50827101661893,-1.976993555469424
371,0,-0.5545490045878921,0.001,Not Significant,52.5127659718358,-1.9769912350768752
372,0,-0.5545490045878921,0.001,Not Significant,52.5172609236155,-1.976988914070599
373,0,-0.5545490045878921,0.001,Not Significant,52.5217558719582,-1.9769865924503802
374,0,-0.5545490045878921,0.001,Not Significant,52.52625081686401,-1.9769842702160016
375,0,-0.5545490045878921,0.001,Not Significant,52.53074575833314,-1.9769819473672476
376,0,-0.5545490045878921,0.001,Not Significant,52.53524069636572,-1.9769796239039
377,0,-0.5545490045878921,0.001,Not Significant,52.53973563096187,-1.9769772998257422
378,0,-0.5545490045878921,0.001,Not Significant,52.544230562121776,-1.9769749751325598
379,0,-0.5545490045878921,0.001,Not Significant,52.54872548984561,-1.9769726498241338
380,0,-0.5545490045878921,0.001,Not Significant,52.55322041413348,-1.9769703239002485
381,0,-0.5545490045878921,0.001,Not Significant,52.55771533498554,-1.9769679973606842
382,0,-0.5545490045878921,0.001,Not Significant,52.562210252401975,-1.9769656702052272
383,0,-0.5545490045878921,0.001,Not Significant,52.566705166382896,-1.9769633424336577
384,0,-0.5545490045878921,0.001,Not Significant,52.5712000769285,-1.9769610140457592
385,0,-0.5545490045878921,0.001,Not Significant,52.57569498403891,-1.9769586850413143
386,0,-0.5545490045878921,0.001,Not Significant,52.5801898877143,-1.9769563554201055
387,0,-0.5545490045878921,0.001,Not Significant,52.58468478795478,-1.9769540251819147
388,0,-0.5545490045878921,0.001,Not Significant,52.58917968476056,-1.9769516943265237
389,0,-0.5545490045878921,0.001,Not Significant,52.593674578131754,-1.9769493628537151
390,0,-0.5545490045878921,0.001,Not Significant,52.598169468068505,-1.9769470307632702
391,0,-0.554549004587892,0.001,Not Significant,52.60266435457101,-1.9769446980549716
392,0,-0.3585724631607147,0.468,Not Significant,52.38690428820853,-1.9697094227431666
393,7,0.04562915353283866,0.474,Not Significant,52.39139933602124,-1.9697063725517365
394,7,0.10074755580923227,0.351,Not Significant,52.395894380392654,-1.9697033215556172
395,3,0.008883552015242888,0.181,Not Significant,52.40038942132297,-1.9697002697545287
396,1,-0.06460765101994866,0.157,Not Significant,52.40488445881231,-1.969697217148189
397,4,0.32734543183440623,0.019,Not Significant,52.40937949286083,-1.9696941637363126
398,25,1.2031156013371054,0.085,Not Significant,52.41387452346867,-1.969691109518619
399,16,0.7131742477691617,0.112,Not Significant,52.41836955063599,-1.9696880544948232
400,11,0.22323289420121817,0.476,Not Significant,52.42286457436291,-1.9696849986646425
401,5,-0.08910471869834578,0.432,Not Significant,52.427359594649616,-1.9696819420277945
402,3,-0.11360178637674297,0.387,Not Significant,52.43185461149626,-1.9696788845839948
403,7,0.09462328888963302,0.365,Not Significant,52.43634962490298,-1.9696758263329606
404,4,-0.009489248743554942,0.283,Not Significant,52.44084463486993,-1.9696727672744059
405,4,-0.05848338410034936,0.37,Not Significant,52.44533964139723,-1.9696697074080485
406,8,0.08237475505043443,0.498,Not Significant,52.44983464448509,-1.9696666467336046
407,2,-0.11972605329634226,0.311,Not Significant,52.45432964413359,-1.9696635852507887
408,7,0.08849902197003368,0.37,Not Significant,52.45882464034291,-1.969660522959318
409,3,-0.10747751945714366,0.37,Not Significant,52.463319633113215,-1.969657459858906
410,3,-0.05848338410034936,0.283,Not Significant,52.46781462244464,-1.969654395949271
411,15,0.4008366348695977,0.433,Not Significant,52.472309608337376,-1.9696513312301254
412,1,-0.24221139168832817,0.454,Not Significant,52.47680459079151,-1.969648265701186
413,0,-0.4994306023114985,0.046,Not Significant,52.48129956980723,-1.9696451993621678
414,0,-0.5361762038290944,0.015,Not Significant,52.48579454538465,-1.9696421322127842
415,0,-0.5545490045878921,0.001,Not Significant,52.49028951752397,-1.9696390642527504
416,0,-0.5545490045878921,0.001,Not Significant,52.49478448622533,-1.9696359954817817
417,0,-0.5545490045878921,0.001,Not Significant,52.499279451488846,-1.969632925899592
418,0,-0.4933063353918992,0.055,Not Significant,52.503774413314716,-1.9696298555058953
419,0,-0.4933063353918992,0.055,Not Significant,52.50826937170305,-1.9696267843004067
420,0,-0.46268500079390273,0.118,Not Significant,52.512764326654015,-1.9696237122828384
421,0,-0.5239276699898957,0.022,Not Significant,52.517259278167785,-1.9696206394529079
422,0,-0.5178034030702964,0.029,Not Significant,52.521754226244475,-1.9696175658103234
423,0,-0.5484247376682929,0.005,Not Significant,52.526249170884256,-1.9696144913548042
424,0,-0.5484247376682929,0.005,Not Significant,52.53074411208729,-1.9696114160860598
425,0,-0.5545490045878921,0.001,Not Significant,52.53523904985369,-1.9696083400038054
426,0,-0.5545490045878921,0.001,Not Significant,52.53973398418363,-1.9696052631077532
427,0,-0.5545490045878921,0.001,Not Significant,52.5442289150773,-1.9696021853976173
428,0,-0.5545490045878921,0.001,Not Significant,52.54872384253479,-1.96959910687311
429,0,-0.5545490045878921,0.001,Not Significant,52.5532187665563,-1.969596027533943
430,0,-0.5545490045878921,0.001,Not Significant,52.557713687141934,-1.9695929473798315
431,0,-0.5545490045878921,0.001,Not Significant,52.562208604291875,-1.969589866410485
432,0,-0.5545490045878921,0.001,Not Significant,52.56670351800627,-1.969586784625618
433,0,-0.5545490045878921,0.001,Not Significant,52.571198428285285,-1.969583702024943
434,0,-0.5545490045878921,0.001,Not Significant,52.57569333512905,-1.9695806186081697
435,0,-0.5545490045878921,0.001,Not Significant,52.58018823853774,-1.9695775343750124
436,0,-0.5545490045878921,0.001,Not Significant,52.58468313851148,-1.9695744493251812
437,0,-0.5545490045878921,0.001,Not Significant,52.58917803505043,-1.9695713634583885
438,0,-0.5545490045878921,0.001,Not Significant,52.593672928154774,-1.969568276774345
439,0,-0.5545490045878921,0.001,Not Significant,52.59816781782462,-1.9695651892727637
440,0,-0.554549004587892,0.001,Not Significant,52.60266270406015,-1.969562100953355
441,2,-0.32917598194663805,0.301,Not Significant,52.386902193888716,-1.9623628714239374
442,3,-0.18096872249233523,0.443,Not Significant,52.39139724136336,-1.9623590749446462
443,11,0.25997849571881393,0.425,Not Significant,52.39589228539664,-1.9623552774639097
444,11,0.25997849571881393,0.425,Not Significant,52.40038732598876,-1.9623514789813723
445,9,0.1191203565680302,0.458,Not Significant,52.40488236313981,-1.9623476794966852
446,7,0.1864872926836224,0.203,Not Significant,52.40937739684999,-1.9623438790094947
447,16,0.6458073116535695,0.182,Not Significant,52.41387242711942,-1.96234007751945
448,5,0.1864872926836224,0.105,Not Significant,52.41836745394826,-1.962336275026198
449,2,-0.14422312097473944,0.354,Not Significant,52.422862477336636,-1.9623324715293857
450,0,-0.3279511285627183,0.444,Not Significant,52.42735749728476,-1.9623286670286613
451,2,-0.2054657901707324,0.487,Not Significant,52.43185251379271,-1.962324861523672
452,6,-0.06460765101994866,0.375,Not Significant,52.43634752686068,-1.9623210550140622
453,2,-0.2544599255275268,0.389,Not Significant,52.44084253648878,-1.9623172474994828
454,0,-0.3830695308391119,0.316,Not Significant,52.445337542677215,-1.9623134389795787
455,4,-0.13197458713554086,0.444,Not Significant,52.44983254542609,-1.9623096294539946
456,2,-0.05848338410034936,0.201,Not Significant,52.45432754473558,-1.9623058189223794
457,9,0.20486009344242034,0.347,Not Significant,52.45882254060581,-1.962302007384377
458,8,0.0640019542916366,0.444,Not Significant,52.46331753303696,-1.962298194839636
459,1,-0.07685618485914725,0.169,Not Significant,52.46781252202916,-1.962294381287799
460,20,0.841783853080747,0.182,Not Significant,52.47230750758256,-1.9622905667285138
461,5,0.22935716112081753,0.08,Not Significant,52.47680248969734,-1.9622867511614261
462,3,-0.1993415232511331,0.4,Not Significant,52.481297468373604,-1.9622829345861799
463,0,-0.4994306023114985,0.048,Not Significant,52.485792443611544,-1.9622791170024199
464,0,-0.5545490045878921,0.001,Not Significant,52.49028741541129,-1.9622752984097926
465,0,-0.5545490045878921,0.001,Not Significant,52.494782383772986,-1.9622714788079416
466,0,-0.5178034030702964,0.029,Not Significant,52.499277348696786,-1.962267658196512
467,0,-0.3157025947235197,0.477,Not Significant,52.50377231018288,-1.9622638365751486
468,10,0.1191203565680302,0.355,Not Significant,52.50826726823135,-1.9622600139434945
469,0,-0.28508126012552326,0.439,Not Significant,52.5127622228424,-1.9622561903011948
470,5,-0.27283272628632466,0.029,Not Significant,52.51725717401618,-1.9622523656478936
471,0,-0.48718206847229995,0.064,Not Significant,52.5217521217528,-1.9622485399832326
472,1,-0.5055548692310978,0.001,Not Significant,52.526247066052456,-1.9622447133068572
473,0,-0.5484247376682929,0.005,Not Significant,52.53074200691528,-1.962240885618411
474,0,-0.5545490045878921,0.001,Not Significant,52.53523694434142,-1.962237056917536
475,0,-0.5545490045878921,0.001,Not Significant,52.539731878331025,-1.9622332272038756
476,0,-0.5545490045878921,0.001,Not Significant,52.544226808884275,-1.9622293964770738
477,0,-0.5545490045878921,0.001,Not Significant,52.5487217360013,-1.962225564736772
478,0,-0.5545490045878921,0.001,Not Significant,52.55321665968225,-1.9622217319826123
479,0,-0.5545490045878921,0.001,Not Significant,52.557711579927286,-1.9622178982142389
480,0,-0.5545490045878921,0.001,Not Significant,52.562206496736536,-1.9622140634312923
481,0,-0.5545490045878921,0.001,Not Significant,52.56670141011019,-1.9622102276334152
482,0,-0.5545490045878921,0.001,Not Significant,52.57119632004838,-1.9622063908202503
483,0,-0.5545490045878921,0.001,Not Significant,52.575691226551264,-1.9622025529914375
484,0,-0.5545490045878921,0.001,Not Significant,52.580186129618966,-1.9621987141466173
485,0,-0.5545490045878921,0.001,Not Significant,52.58468102925168,-1.962194874285435
486,0,-0.5545490045878921,0.001,Not Significant,52.589175925449545,-1.9621910334075294
487,0,-0.5545490045878921,0.001,Not Significant,52.59367081821269,-1.9621871915125404
488,0,-0.5545490045878921,0.001,Not Significant,52.598165707541305,-1.9621833486001117
489,0,-0.554549004587892,0.001,Not Significant,52.60266059343552,-1.9621795046698813
490,2,-0.3879689443747913,0.174,Not Significant,52.38689964300653,-1.9550163211058293
491,1,-0.30345406088432114,0.389,Not Significant,52.39139469006946,-1.9550117783390317
492,7,0.05175342045243801,0.46,Not Significant,52.39588973369098,-1.9550072343740252
493,6,0.05787768737203725,0.35,Not Significant,52.400384773871224,-1.9550026892103933
494,1,-0.1932172563315338,0.359,Not Significant,52.404879810610325,-1.954998142847711
495,5,0.021132085854441478,0.321,Not Significant,52.40937484390847,-1.9549935952855588
496,4,-0.04623485026115077,0.358,Not Significant,52.413869873765805,-1.9549890465235154
497,2,-0.1932172563315338,0.461,Not Significant,52.418364900182425,-1.9549844965611591
498,5,-0.14422312097473944,0.299,Not Significant,52.422859923158555,-1.9549799453980685
499,7,0.008883552015242888,0.432,Not Significant,52.427354942694265,-1.9549753930338198
500,2,-0.10135325253754437,0.271,Not Significant,52.43184995878978,-1.9549708394679925
501,11,0.21710862728161892,0.462,Not Significant,52.4363449714452,-1.9549662847001648
502,1,-0.29120552704512254,0.417,Not Significant,52.44083998066071,-1.9549617287299117
503,0,-0.3401996624019169,0.417,Not Significant,52.44533498643644,-1.954957171556813
504,5,0.008883552015242888,0.349,Not Significant,52.44982998877253,-1.9549526131804442
505,16,0.7376713154475589,0.099,Not Significant,52.45432498766915,-1.9549480536003825
506,14,0.5661918416987786,0.163,Not Significant,52.45881998312644,-1.9549434928162042
507,0,-0.15647165481393804,0.2,Not Significant,52.463314975144534,-1.9549389308274856
508,0,-0.14422312097473944,0.186,Not Significant,52.46780996372363,-1.9549343676338025
509,21,0.98876625915113,0.093,Not Significant,52.47230494886384,-1.9549298032347326
510,22,1.1357486652215132,0.039,Not Significant,52.47679993056532,-1.9549252376298507
511,6,0.35184249951280344,0.039,Not Significant,52.4812949088282,-1.954920670818731
512,0,-0.1932172563315338,0.262,Not Significant,52.485789883652686,-1.9549161028009512
513,0,-0.3279511285627183,0.448,Not Significant,52.49028485503889,-1.954911533576085
514,0,-0.5423004707486936,0.01,Not Significant,52.49477982298696,-1.9549069631437075
515,0,-0.44431220003510485,0.163,Not Significant,52.49927478749708,-1.9549023915033943
516,6,0.1436174242464274,0.194,Not Significant,52.50376974856936,-1.9548978186547188
517,23,0.9581449245531335,0.22,Not Significant,52.50826470620397,-1.954893244597255
518,1,-0.03398631642195212,0.131,Not Significant,52.512759660401066,-1.9548886693305796
519,5,-0.1932172563315338,0.18,Not Significant,52.5172546111608,-1.9548840928542637
520,0,-0.48718206847229995,0.063,Not Significant,52.5217495584833,-1.9548795151678826
521,0,-0.5484247376682929,0.005,Not Significant,52.52624450236875,-1.9548749362710087
522,0,-0.5484247376682929,0.005,Not Significant,52.530739442817264,-1.9548703561632157
523,0,-0.5545490045878921,0.001,Not Significant,52.535234379829035,-1.9548657748440783
524,0,-0.5545490045878921,0.001,Not Significant,52.53972931340418,-1.9548611923131674
525,0,-0.5545490045878921,0.001,Not Significant,52.54422424354287,-1.9548566085700565
526,0,-0.5545490045878921,0.001,Not Significant,52.54871917024525,-1.9548520236143165
527,0,-0.5545490045878921,0.001,Not Significant,52.55321409351151,-1.9548474374455234
528,0,-0.5545490045878921,0.001,Not Significant,52.55770901334173,-1.9548428500632453
529,0,-0.5545490045878921,0.001,Not Significant,52.5622039297361,-1.9548382614670563
530,0,-0.5545490045878921,0.001,Not Significant,52.56669884269478,-1.9548336716565278
531,0,-0.5545490045878921,0.001,Not Significant,52.5711937522179,-1.9548290806312294
532,0,-0.5545490045878921,0.001,Not Significant,52.57568865830565,-1.9548244883907355
533,0,-0.5545490045878921,0.001,Not Significant,52.580183560958126,-1.9548198949346158
534,0,-0.5545490045878921,0.001,Not Significant,52.58467846017554,-1.9548153002624395
535,0,-0.5545490045878921,0.001,Not Significant,52.589173355957996,-1.9548107043737795
536,0,-0.5545490045878921,0.001,Not Significant,52.59366824830568,-1.9548061072682057
537,0,-0.5545490045878921,0.001,Not Significant,52.59816313721871,-1.9548015089452877
538,0,-0.554549004587892,0.001,Not Significant,52.602658022697305,-1.9547969094045952
539,0,-0.5055548692310978,0.118,Not Significant,52.386896635562124,-1.9476697719855356
540,1,-0.3585724631607147,0.258,Not Significant,52.39139168213973,-1.9476644829316505
541,7,-0.021737782582753534,0.369,Not Significant,52.3958867252758,-1.947659192482798
542,3,-0.1870929894119345,0.435,Not Significant,52.40038176497053,-1.947653900638489
543,3,-0.2238385909295303,0.358,Not Significant,52.40487680122402,-1.9476486073982338
544,7,-0.06460765101994866,0.259,Not Significant,52.40937183403644,-1.9476433127615416
545,7,-0.03398631642195212,0.34,Not Significant,52.41386686340795,-1.9476380167279213
546,2,-0.2544599255275268,0.388,Not Significant,52.41836188933865,-1.947632719296882
547,2,-0.23608712476872887,0.435,Not Significant,52.42285691182874,-1.947627420467934
548,7,0.03950488661323942,0.482,Not Significant,52.42735193087835,-1.9476221202405846
549,16,0.5478190409399808,0.347,Not Significant,52.43184694648765,-1.9476168186143428
550,9,0.38246383411079987,0.104,Not Significant,52.436341958656776,-1.9476115155887173
551,0,0.04562915353283866,0.043,Not Significant,52.44083696738587,-1.9476062111632149
552,7,0.2967240972364097,0.098,Not Significant,52.44533197267507,-1.9476009053373449
553,16,0.6090617101359739,0.232,Not Significant,52.449826974524555,-1.9475955981106128
554,7,0.3212211649148069,0.081,Not Significant,52.45432197293445,-1.9475902894825283
555,26,1.1357486652215132,0.182,Not Significant,52.45881696790496,-1.9475849794525972
556,3,0.08237475505043443,0.11,Not Significant,52.46331195943614,-1.947579668020326
557,4,0.18036302576402316,0.079,Not Significant,52.46780694752822,-1.9475743551852214
558,10,0.5661918416987786,0.034,Not Significant,52.47230193218133,-1.9475690409467903
559,22,1.1235001313823145,0.043,Not Significant,52.476796913395596,-1.9475637253045384
560,13,0.9765177253119314,0.003,Not Significant,52.48129189117122,-1.9475584082579713
561,35,1.8155422932970349,0.024,Hot Spot - 90% confidence,52.485786865508274,-1.9475530898065954
562,2,0.35796676643240266,0.005,Not Significant,52.49028183640698,-1.9475477699499155
563,0,-0.217714324009931,0.305,Not Significant,52.49477680386747,-1.9475424486874375
564,0,0.04562915353283866,0.042,Not Significant,52.499271767889866,-1.9475371260186642
565,12,0.8785294545983426,0.003,Not Significant,52.50376672847436,-1.9475318019431032
566,21,1.4603348119602757,0.002,Not Significant,52.50826168562108,-1.9475264764602571
567,13,0.7682926500455554,0.018,Not Significant,52.51275663933015,-1.9475211495696307
568,0,-0.1993415232511331,0.267,Not Significant,52.517251589601806,-1.9475158212707275
569,0,-0.44431220003510485,0.161,Not Significant,52.52174653643611,-1.947510491563052
570,0,-0.5361762038290944,0.014,Not Significant,52.52624147983326,-1.9475051604461064
571,0,-0.5361762038290944,0.014,Not Significant,52.53073641979341,-1.947499827919395
572,0,-0.5545490045878921,0.001,Not Significant,52.53523135631667,-1.9474944939824206
573,0,-0.5545490045878921,0.001,Not Significant,52.53972628940323,-1.9474891586346859
574,0,-0.5545490045878921,0.001,Not Significant,52.54422121905323,-1.9474838218756925
575,0,-0.5545490045878921,0.001,Not Significant,52.54871614526684,-1.947478483704945
576,0,-0.5545490045878921,0.001,Not Significant,52.553211068044185,-1.9474731441219435
577,0,-0.5545490045878921,0.001,Not Significant,52.55770598738542,-1.9474678031261898
578,0,-0.5545490045878921,0.001,Not Significant,52.5622009032907,-1.947462460717187
579,0,-0.5545490045878921,0.001,Not Significant,52.566695815760184,-1.947457116894435
580,0,-0.5545490045878921,0.001,Not Significant,52.57119072479403,-1.9474517716574355
581,0,-0.5545490045878921,0.001,Not Significant,52.575685630392385,-1.9474464250056884
582,0,-0.5545490045878921,0.001,Not Significant,52.58018053255538,-1.9474410769386958
583,0,-0.5545490045878921,0.001,Not Significant,52.5846754312832,-1.9474357274559555
584,0,-0.5545490045878921,0.001,Not Significant,52.58917032657599,-1.947430376556971
585,0,-0.5545490045878921,0.001,Not Significant,52.59366521843388,-1.94742502424124
586,0,-0.5545490045878921,0.001,Not Significant,52.598160106857044,-1.947419670508263
587,0,-0.554549004587892,0.001,Not Significant,52.60265499184562,-1.9474143153575392
588,0,-0.5251525233738155,0.077,Not Significant,52.38689317155569,-1.9403232242597448
589,1,-0.4075665985175091,0.126,Not Significant,52.391388217574345,-1.940317188919262
590,6,-0.11360178637674297,0.263,Not Significant,52.39588326015136,-1.9403111519870533
591,6,-0.09522898561794507,0.308,Not Significant,52.400378299286885,-1.940305113462559
592,0,-0.37694526391951266,0.339,Not Significant,52.40487333498106,-1.9402990733452206
593,2,-0.17484445557273592,0.419,Not Significant,52.40936836723405,-1.9402930316344784
594,2,-0.11972605329634226,0.304,Not Significant,52.41386339604601,-1.940286988329772
595,5,0.0762504881308352,0.225,Not Significant,52.41835842141711,-1.940280943430542
596,6,0.0762504881308352,0.304,Not Significant,52.42285344334745,-1.9402748969362278
597,2,-0.07685618485914725,0.235,Not Significant,52.4273484618372,-1.9402688488462685
598,1,-0.07073191793954796,0.168,Not Significant,52.4318434768865,-1.9402627991601042
599,13,0.5600675747791795,0.122,Not Significant,52.43633848849554,-1.940256747877173
600,37,1.8706606955734286,0.039,Hot Spot - 90% confidence,52.44083349666441,-1.9402506949969123
601,20,1.0867545298647188,0.024,Not Significant,52.44532850139329,-1.9402446405187637
602,4,0.23548142804041677,0.044,Not Significant,52.44982350268235,-1.940238584442163
603,3,0.027256352774040832,0.166,Not Significant,52.4543185005317,-1.940232526766548
604,3,0.14974169116602662,0.068,Not Significant,52.458813494941516,-1.9402264674913563
605,22,1.0561331952667223,0.077,Not Significant,52.463308485911945,-1.940220406616026
606,11,0.7254227816083604,0.012,Not Significant,52.46780347344313,-1.9402143441399937
607,21,1.0806302629451194,0.04,Not Significant,52.47229845753524,-1.9402082800626954
608,2,0.25997849571881393,0.013,Not Significant,52.476793438188395,-1.9402022143835682
609,3,0.719298514688761,0.001,Not Significant,52.481288415402766,-1.9401961471020481
610,56,3.0036500756992974,0.005,Hot Spot - 99% confidence,52.48578338917848,-1.94019007821757
611,27,1.7665481579402404,0.002,Hot Spot - 90% confidence,52.49027835951571,-1.9401840077295713
612,15,0.6213102439751723,0.153,Not Significant,52.49477332641463,-1.940177935637487
613,11,1.0132633268295272,0.001,Not Significant,52.49926828987535,-1.9401718619407509
614,54,2.9852772749404997,0.003,Hot Spot - 99% confidence,52.50376324989802,-1.9401657866388
615,23,1.8890334963322262,0.001,Hot Spot - 90% confidence,52.50825820648282,-1.940159709731066
616,29,1.4787076127190735,0.037,Not Significant,52.5127531596299,-1.9401536312169851
617,10,0.406960901789197,0.12,Not Significant,52.5172481093394,-1.9401475510959911
618,0,-0.36469673008031406,0.366,Not Significant,52.52174305561144,-1.9401414693675172
619,3,-0.2667084593667253,0.241,Not Significant,52.52623799844621,-1.940135386030997
620,0,-0.45656073387430346,0.126,Not Significant,52.53073293784387,-1.9401293010858633
621,0,-0.48718206847229995,0.066,Not Significant,52.53522787380454,-1.9401232145315503
622,0,-0.4933063353918992,0.06,Not Significant,52.53972280632838,-1.9401171263674892
623,0,-0.4994306023114985,0.052,Not Significant,52.54421773541555,-1.9401110365931131
624,0,-0.5116791361506972,0.033,Not Significant,52.5487126610662,-1.940104945207853
625,0,-0.5545490045878921,0.001,Not Significant,52.55320758328048,-1.940098852211143
626,0,-0.5545490045878921,0.001,Not Significant,52.55770250205855,-1.9400927576024123
627,0,-0.5545490045878921,0.001,Not Significant,52.56219741740054,-1.9400866613810939
628,0,-0.5545490045878921,0.001,Not Significant,52.56669232930661,-1.9400805635466167
629,0,-0.5545490045878921,0.001,Not Significant,52.57118723777695,-1.9400744640984133
630,0,-0.5545490045878921,0.001,Not Significant,52.575682142811665,-1.9400683630359137
631,0,-0.5545490045878921,0.001,Not Significant,52.58017704441092,-1.9400622603585476
632,0,-0.5545490045878921,0.001,Not Significant,52.58467194257487,-1.9400561560657446
633,0,-0.5545490045878921,0.001,Not Significant,52.58916683730367,-1.9400500501569349
634,0,-0.5545490045878921,0.001,Not Significant,52.59366172859747,-1.9400439426315481
635,0,-0.5545490045878921,0.001,Not Significant,52.598156616456414,-1.940037833489013
636,0,-0.554549004587892,0.001,Not Significant,52.6026515008807,-1.9400317227287573
637,0,-0.5349513504451745,0.05,Not Significant,52.38688925098745,-1.9329766781251494
638,1,-0.4504364669547042,0.052,Not Significant,52.3913842963735,-1.9329698964986286
639,1,-0.3401996624019169,0.305,Not Significant,52.39587933831778,-1.9329631130836207
640,4,-0.1870929894119345,0.318,Not Significant,52.40037437682048,-1.932956327879501
641,3,-0.18096872249233523,0.444,Not Significant,52.404869411881684,-1.9329495408856392
642,1,-0.1932172563315338,0.353,Not Significant,52.40936444350158,-1.9329427521014055
643,23,0.841783853080747,0.438,Not Significant,52.413859471680304,-1.9329359615261736
644,8,0.22323289420121817,0.219,Not Significant,52.41835449641802,-1.9329291691593127
645,13,0.41920943562839563,0.296,Not Significant,52.42284951771485,-1.9329223750001923
646,16,0.4743278379047892,0.496,Not Significant,52.42734453557099,-1.932915579048185
647,1,-0.14422312097473944,0.258,Not Significant,52.43183954998657,-1.9329087813026589
648,7,0.23548142804041677,0.143,Not Significant,52.436334560961704,-1.9329019817629824
649,7,0.5600675747791795,0.008,Not Significant,52.44082956849659,-1.9328951804285277
650,37,1.7604238910206411,0.096,Hot Spot - 90% confidence,52.44532457259133,-1.932888377298662
651,0,-0.03398631642195212,0.084,Not Significant,52.44981957324612,-1.932881572372754
652,7,-0.0033649818239557035,0.399,Not Significant,52.45431457046109,-1.9328747656501717
653,8,0.2109843603620196,0.246,Not Significant,52.45880956423639,-1.932867957130283
654,15,0.6580558454927682,0.116,Not Significant,52.46330455457216,-1.9328611468124552
655,17,1.0806302629451194,0.007,Not Significant,52.467799541468565,-1.932854334696058
656,29,1.6563113533874532,0.008,Hot Spot - 90% confidence,52.47229452492576,-1.9328475207804567
657,4,0.5171977063419843,0.003,Not Significant,52.47678950494389,-1.9328407050650172
658,15,1.2643582705330982,0.001,Not Significant,52.4812844815231,-1.9328338875491076
659,37,2.140128440035797,0.003,Hot Spot - 95% confidence,52.48577945466353,-1.9328270682320945
660,1,0.6764286462515661,0.001,Not Significant,52.49027442436535,-1.9328202471133415
661,17,0.9397721237943357,0.024,Not Significant,52.49476939062871,-1.9328134241922152
662,14,1.4174649435230806,0.001,Not Significant,52.49926435345374,-1.932806599468081
663,56,3.1935023502068756,0.002,Hot Spot - 99% confidence,52.503759312840614,-1.932799772940304
664,9,1.2888553382114953,0.001,Not Significant,52.50825426878948,-1.932792944608249
665,21,1.117375864462715,0.03,Not Significant,52.51274922130047,-1.9327861144712795
666,3,0.22935716112081753,0.033,Not Significant,52.517244170373765,-1.9327792825287609
667,11,0.28447556339721114,0.371,Not Significant,52.52173911600949,-1.932772448780055
668,4,-0.04623485026115077,0.351,Not Significant,52.52623405820782,-1.9327656132245268
669,8,0.03950488661323942,0.39,Not Significant,52.530728996968875,-1.932758775861539
670,1,-0.3340753954823175,0.314,Not Significant,52.53522393229283,-1.9327519366904535
671,2,-0.3157025947235197,0.239,Not Significant,52.53971886417981,-1.932745095710634
672,7,-0.11360178637674297,0.127,Not Significant,52.544213792630025,-1.932738252921442
673,0,-0.46268500079390273,0.114,Not Significant,52.54870871764357,-1.93273140832224
674,0,-0.5545490045878921,0.001,Not Significant,52.55320363922063,-1.9327245619123894
675,0,-0.5545490045878921,0.001,Not Significant,52.557698557361334,-1.93271771369125
676,0,-0.5545490045878921,0.001,Not Significant,52.562193472065836,-1.932710863658185
677,0,-0.5545490045878921,0.001,Not Significant,52.566688383334295,-1.9327040118125525
678,0,-0.5545490045878921,0.001,Not Significant,52.57118329116687,-1.9326971581537151
679,0,-0.5545490045878921,0.001,Not Significant,52.575678195563704,-1.9326903026810323
680,0,-0.5545490045878921,0.001,Not Significant,52.580173096524945,-1.9326834453938628
681,0,-0.5545490045878921,0.001,Not Significant,52.58466799405075,-1.9326765862915674
682,0,-0.5545490045878921,0.001,Not Significant,52.58916288814129,-1.9326697253735041
683,0,-0.5545490045878921,0.001,Not Significant,52.59365777879668,-1.9326628626390325
684,0,-0.5545490045878921,0.001,Not Significant,52.59815266601711,-1.9326559980875098
685,0,-0.554549004587892,0.001,Not Significant,52.6026475498027,-1.932649131718295
686,0,-0.5447501775165333,0.031,Not Significant,52.38688487385763,-1.925630133778438
687,0,-0.5361762038290944,0.013,Not Significant,52.39137991853744,-1.9256226058665058
688,1,-0.4136908654371084,0.114,Not Significant,52.39587495977538,-1.9256150759693298
689,8,-0.04011058334155147,0.195,Not Significant,52.400369997571545,-1.9256075440862115
690,3,-0.10747751945714366,0.371,Not Significant,52.4048650319261,-1.9256000102164537
691,13,0.4559550371459914,0.25,Not Significant,52.4093600628392,-1.92559247435936
692,5,0.16811449192482458,0.115,Not Significant,52.41385509031099,-1.9255849365142312
693,8,0.29059983031681047,0.135,Not Significant,52.41835011434162,-1.9255773966803682
694,1,-0.06460765101994866,0.151,Not Significant,52.422845134931244,-1.9255698548570739
695,9,0.2967240972364097,0.189,Not Significant,52.42734015208,-1.9255623110436473
696,7,0.2538542287992147,0.124,Not Significant,52.43183516578805,-1.9255547652393892
697,4,0.0640019542916366,0.174,Not Significant,52.43633017605553,-1.9255472174436008
698,3,0.2109843603620196,0.041,Not Significant,52.44082518288259,-1.9255396676555805
699,5,0.23548142804041677,0.072,Not Significant,52.44532018626942,-1.9255321158746288
700,6,0.2416056949600161,0.096,Not Significant,52.449815186216114,-1.9255245621000452
701,3,-0.12585032021594156,0.421,Not Significant,52.45431018272285,-1.9255170063311278
702,7,0.1191203565680302,0.311,Not Significant,52.45880517578977,-1.9255094485671735
703,1,0.015007818934842241,0.082,Not Significant,52.463300165417024,-1.9255018888074833
704,9,0.8907779884375413,0.002,Not Significant,52.46779515160478,-1.9254943270513534
705,23,1.6440628195482543,0.001,Not Significant,52.47229013435316,-1.9254867632980812
706,42,2.4402175190961626,0.003,Hot Spot - 95% confidence,52.47678511366232,-1.925479197546964
707,8,1.007139059909928,0.001,Not Significant,52.48128008953243,-1.9254716297972991
708,25,1.5889444172718608,0.003,Not Significant,52.485775061963636,-1.9254640600483823
709,9,1.0928787967843179,0.001,Not Significant,52.49027003095608,-1.9254564882995102
710,7,0.7927897177239526,0.002,Not Significant,52.49476499650991,-1.9254489145499776
711,24,2.048264436241808,0.001,Hot Spot - 95% confidence,52.49925995862529,-1.925441338799081
712,26,1.9319033647694213,0.001,Hot Spot - 90% confidence,52.50375491730235,-1.9254337610461143
713,3,0.8111625184827504,0.001,Not Significant,52.508249872541235,-1.925426181290373
714,17,0.7682926500455554,0.098,Not Significant,52.512744824342136,-1.925418599531151
715,11,0.42533370254799485,0.15,Not Significant,52.51723977270518,-1.9254110157677435
716,5,-0.04011058334155147,0.435,Not Significant,52.521734717630515,-1.9254034299994438
717,13,0.33959396567360484,0.47,Not Significant,52.52622965911829,-1.9253958422255442
718,11,0.24772996187961535,0.453,Not Significant,52.530724597168685,-1.925388252445338
719,1,-0.21159005709033168,0.392,Not Significant,52.535219531781806,-1.9253806606581185
720,6,-0.0033649818239557035,0.471,Not Significant,52.53971446295783,-1.9253730668631788
721,8,-0.0033649818239557035,0.286,Not Significant,52.54420939069693,-1.9253654710598096
722,0,-0.4198151323567077,0.224,Not Significant,52.5487043149992,-1.9253578732473025
723,0,-0.5484247376682929,0.005,Not Significant,52.553199235864874,-1.9253502734249495
724,0,-0.5545490045878921,0.001,Not Significant,52.557694153294015,-1.9253426715920412
725,0,-0.5545490045878921,0.001,Not Significant,52.562189067286816,-1.925335067747868
726,0,-0.5545490045878921,0.001,Not Significant,52.566683977843454,-1.9253274618917213
727,0,-0.5545490045878921,0.001,Not Significant,52.571178884964034,-1.9253198540228893
728,0,-0.5545490045878921,0.001,Not Significant,52.57567378864875,-1.9253122441406638
729,0,-0.5545490045878921,0.001,Not Significant,52.58016868889771,-1.9253046322443328
730,0,-0.5545490045878921,0.001,Not Significant,52.58466358571109,-1.9252970183331841
731,0,-0.5545490045878921,0.001,Not Significant,52.589158479089065,-1.9252894024065084
732,0,-0.5545490045878921,0.001,Not Significant,52.593653369031756,-1.9252817844635923
733,0,-0.5545490045878921,0.001,Not Significant,52.598148255539314,-1.9252741645037252
734,0,-0.554549004587892,0.001,Not Significant,52.60264313861191,-1.9252665425261932
735,0,-0.5545490045878921,0.001,Not Significant,52.38688004016652,-1.918283591416302
736,0,-0.5484247376682929,0.005,Not Significant,52.39137508406647,-1.9182753172196556
737,0,-0.4933063353918992,0.058,Not Significant,52.395870124524365,-1.918267040841006
738,1,-0.37694526391951266,0.201,Not Significant,52.40036516154038,-1.9182587622795877
739,7,0.08849902197003368,0.37,Not Significant,52.404860195114594,-1.9182504815346337
740,12,0.32734543183440623,0.393,Not Significant,52.409355225247204,-1.9182421986053764
741,7,0.16199022500522522,0.245,Not Significant,52.41385025193834,-1.918233913491049
742,6,0.0027592850956436495,0.454,Not Significant,52.41834527518818,-1.9182256261908839
743,11,0.23548142804041677,0.482,Not Significant,52.42284029499682,-1.9182173367041133
744,1,-0.11972605329634226,0.224,Not Significant,52.42733531136447,-1.9182090450299674
745,17,0.6580558454927682,0.235,Not Significant,52.43183032429123,-1.9182007511676784
746,21,0.7866654508043532,0.348,Not Significant,52.43632533377729,-1.9181924551164768
747,6,0.07012622121123584,0.306,Not Significant,52.44082033982276,-1.9181841568755926
748,14,0.41308516870879625,0.419,Not Significant,52.44531534242781,-1.918175856444256
749,16,0.6886771800907645,0.127,Not Significant,52.4498103415926,-1.9181675538216976
750,0,0.0027592850956436495,0.065,Not Significant,52.45430533731727,-1.9181592490071455
751,2,0.027256352774040832,0.109,Not Significant,52.45880032960196,-1.91815094199983
752,18,0.615185977055573,0.403,Not Significant,52.46329531844682,-1.9181426327989777
753,9,0.7989139846435519,0.003,Not Significant,52.467790303852034,-1.9181343214038182
754,52,2.973028741101302,0.002,Hot Spot - 99% confidence,52.4722852858177,-1.918126007813578
755,13,1.3868436089250842,0.001,Not Significant,52.47678026434401,-1.9181176920274867
756,9,1.0561331952667223,0.001,Not Significant,52.48127523943109,-1.9181093740447694
757,46,2.587199925166546,0.003,Hot Spot - 99% confidence,52.485770211079114,-1.9181010538646541
758,25,1.9502761655282193,0.001,Hot Spot - 90% confidence,52.4902651792882,-1.9180927314863658
759,39,2.4034719175785666,0.001,Hot Spot - 95% confidence,52.49476014405854,-1.9180844069091318
760,35,2.3728505829805706,0.001,Hot Spot - 95% confidence,52.49925510539025,-1.918076080132176
761,39,2.29323511302578,0.003,Hot Spot - 95% confidence,52.50375006328348,-1.9180677511547257
762,18,1.2459854697743002,0.003,Not Significant,52.508245017738396,-1.9180594199760048
763,13,0.6274345108947716,0.068,Not Significant,52.51273996875516,-1.9180510865952365
764,2,-0.05848338410034936,0.209,Not Significant,52.5172349163339,-1.9180427510116462
765,0,-0.28508126012552326,0.435,Not Significant,52.52172986047478,-1.9180344132244582
766,0,-0.27895699320592393,0.421,Not Significant,52.52622480117794,-1.9180260732328942
767,3,-0.07073191793954796,0.297,Not Significant,52.53071973844355,-1.9180177310361786
768,13,0.35796676643240266,0.421,Not Significant,52.53521467227174,-1.9180093866335324
769,4,-0.07685618485914725,0.416,Not Significant,52.53970960266267,-1.9180010400241796
770,6,-0.07685618485914725,0.343,Not Significant,52.54420452961649,-1.91799269120734
771,1,-0.3157025947235197,0.362,Not Significant,52.54869945313337,-1.9179843401822378
772,0,-0.45656073387430346,0.128,Not Significant,52.55319437321344,-1.9179759869480921
773,0,-0.4810578015527006,0.075,Not Significant,52.557689289856874,-1.9179676315041236
774,0,-0.5545490045878921,0.001,Not Significant,52.56218420306375,-1.9179592738495532
775,0,-0.5545490045878921,0.001,Not Significant,52.56667911283434,-1.9179509139836004
776,0,-0.5545490045878921,0.001,Not Significant,52.57117401916871,-1.9179425519054858
777,0,-0.5545490045878921,0.001,Not Significant,52.575668922067045,-1.9179341876144274
778,0,-0.5545490045878921,0.001,Not Significant,52.58016382152947,-1.9179258211096446
779,0,-0.5545490045878921,0.001,Not Significant,52.58465871755616,-1.9179174523903557
780,0,-0.5545490045878921,0.001,Not Significant,52.58915361014728,-1.9179090814557789
781,0,-0.5545490045878921,0.001,Not Significant,52.593648499302944,-1.917900708305132
782,0,-0.5545490045878921,0.001,Not Significant,52.598143385023334,-1.917892332937632
783,0,-0.554549004587892,0.001,Not Significant,52.60263826730859,-1.9178839553524958
784,0,-0.5545490045878921,0.001,Not Significant,52.38687474991436,-1.9109370512354293
785,0,-0.5545490045878921,0.001,Not Significant,52.391369792960845,-1.9109280307548349
786,0,-0.5484247376682929,0.006,Not Significant,52.395864832565096,-1.9109190078954794
787,0,-0.4933063353918992,0.061,Not Significant,52.40035986872725,-1.910909982656527
788,2,-0.27283272628632466,0.343,Not Significant,52.40485490144746,-1.910900955037142
789,10,0.13749315732682804,0.395,Not Significant,52.4093499307259,-1.9108919250364895
790,1,-0.2054657901707324,0.369,Not Significant,52.41384495656269,-1.9108828926537322
791,6,-0.009489248743554942,0.478,Not Significant,52.41833997895798,-1.910873857888033
792,4,-0.03398631642195212,0.322,Not Significant,52.42283499791195,-1.910864820738554
793,6,0.1436174242464274,0.197,Not Significant,52.427330013424715,-1.9108557812044573
794,8,0.36409103335200205,0.073,Not Significant,52.431825025496444,-1.9108467392849071
795,6,0.1864872926836224,0.134,Not Significant,52.43632003412727,-1.9108376949790613
796,0,-0.10135325253754437,0.129,Not Significant,52.44081503931736,-1.9108286482860837
797,1,-0.14422312097473944,0.258,Not Significant,52.44531004106684,-1.9108195992051333
798,9,0.49270063866358704,0.043,Not Significant,52.44980503937588,-1.9108105477353705
799,37,1.7236782895030456,0.12,Not Significant,52.45430003424464,-1.9108014938759554
800,11,0.7254227816083604,0.013,Not Significant,52.45879502567325,-1.910792437626048
801,2,0.42533370254799485,0.003,Not Significant,52.46329001366185,-1.9107833789848057
802,6,1.2643582705330982,0.001,Not Significant,52.46778499821061,-1.9107743179513896
803,38,2.9179103388249077,0.001,Hot Spot - 99% confidence,52.47227997931969,-1.9107652545249552
804,20,2.0972585715986027,0.001,Hot Spot - 95% confidence,52.47677495698922,-1.9107561887046614
805,21,1.9686489662870172,0.001,Hot Spot - 95% confidence,52.48126993121932,-1.9107471204896656
806,16,1.6501870864678536,0.001,Hot Spot - 90% confidence,52.48576490201023,-1.910738049879125
807,32,2.4892116544529577,0.001,Hot Spot - 95% confidence,52.49025986936202,-1.9107289768721956
808,35,2.287110846106181,0.001,Hot Spot - 95% confidence,52.49475483327487,-1.9107199014680336
809,4,1.1418729321411123,0.001,Not Significant,52.49924979374893,-1.910710823665796
810,24,1.9380276316890206,0.001,Hot Spot - 90% confidence,52.50374475078433,-1.910701743464635
811,19,1.6073172180306587,0.001,Not Significant,52.50823970438126,-1.910692660863709
812,9,0.8356595861611475,0.002,Not Significant,52.51273465453983,-1.9106835758621703
813,10,0.4743278379047892,0.075,Not Significant,52.51722960126022,-1.9106744884591746
814,0,-0.08910471869834578,0.126,Not Significant,52.521724544542565,-1.910665398653874
815,3,-0.18096872249233523,0.453,Not Significant,52.526219484387056,-1.9106563064454238
816,10,0.19873582652282099,0.454,Not Significant,52.530714420793785,-1.9106472118329743
817,4,-0.04623485026115077,0.348,Not Significant,52.53520935376292,-1.9106381148156801
818,6,0.05787768737203725,0.333,Not Significant,52.53970428329462,-1.9106290153926924
819,2,-0.1993415232511331,0.468,Not Significant,52.54419920938906,-1.9106199135631636
820,3,-0.17484445557273592,0.469,Not Significant,52.548694132046364,-1.910610809326243
821,12,0.11299608964843086,0.097,Not Significant,52.553189051266685,-1.9106017026810842
822,0,-0.45656073387430346,0.128,Not Significant,52.55768396705019,-1.9105925936268349
823,0,-0.5545490045878921,0.001,Not Significant,52.562178879396996,-1.9105834821626473
824,0,-0.5545490045878921,0.001,Not Significant,52.5666737883073,-1.9105743682876701
825,0,-0.5545490045878921,0.001,Not Significant,52.571168693781196,-1.9105652520010519
826,0,-0.5545490045878921,0.001,Not Significant,52.57566359581891,-1.9105561333019423
827,0,-0.5545490045878921,0.001,Not Significant,52.580158494420544,-1.9105470121894899
828,0,-0.5545490045878921,0.001,Not Significant,52.584653389586265,-1.9105378886628426
829,0,-0.5545490045878921,0.001,Not Significant,52.58914828131622,-1.9105287627211471
830,0,-0.5545490045878921,0.001,Not Significant,52.59364316961057,-1.9105196343635513
831,0,-0.5545490045878921,0.001,Not Significant,52.59813805446946,-1.9105105035892012
832,0,-0.554549004587892,0.001,Not Significant,52.602632935893034,-1.9105013703972442
833,0,-0.5545490045878921,0.001,Not Significant,52.38686900310156,-1.9035905134325104
834,0,-0.5545490045878921,0.001,Not Significant,52.39136404522091,-1.9035807466688022
835,0,-0.5545490045878921,0.001,Not Significant,52.39585908389785,-1.903570977329575
836,0,-0.5116791361506972,0.036,Not Significant,52.4003541191325,-1.903561205413925
837,0,-0.4504364669547042,0.141,Not Significant,52.40484915092504,-1.9035514309209465
838,0,-0.4136908654371084,0.236,Not Significant,52.40934417927561,-1.9035416538497356
839,4,-0.217714324009931,0.236,Not Significant,52.413839204184335,-1.9035318741993843
840,4,-0.1870929894119345,0.312,Not Significant,52.41833422565139,-1.9035220919689875
841,4,-0.03398631642195212,0.32,Not Significant,52.4228292436769,-1.9035123071576383
842,15,0.6274345108947716,0.14,Not Significant,52.42732425826104,-1.9035025197644306
843,6,0.4008366348695977,0.026,Not Significant,52.43181926940395,-1.9034927297884554
844,14,0.6458073116535695,0.086,Not Significant,52.4363142771058,-1.9034829372288056
845,1,-0.08298045177874648,0.177,Not Significant,52.440809281366676,-1.9034731420845732
846,11,0.19873582652282099,0.419,Not Significant,52.445304282186804,-1.903463344354848
847,2,0.23548142804041677,0.019,Not Significant,52.44979927956628,-1.9034535440387228
848,18,1.2092398682567047,0.003,Not Significant,52.45429427350528,-1.9034437411352854
849,18,1.448086278121077,0.001,Not Significant,52.45878926400395,-1.903433935643627
850,26,1.8767849624930275,0.001,Hot Spot - 90% confidence,52.463284251062426,-1.903424127562837
851,54,3.5854554330612305,0.001,Hot Spot - 99% confidence,52.46777923468087,-1.9034143168920052
852,50,3.812053309086405,0.001,Hot Spot - 99% confidence,52.47227421485943,-1.9034045036302183
853,59,4.204006391940759,0.001,Hot Spot - 99% confidence,52.47676919159826,-1.9033946877765653
854,31,2.875040470387713,0.001,Hot Spot - 99% confidence,52.4812641648975,-1.9033848693301336
855,50,3.4813428954280425,0.001,Hot Spot - 99% confidence,52.485759134757295,-1.9033750482900105
856,18,1.9992703008850137,0.001,Hot Spot - 95% confidence,52.49025410117784,-1.903365224655284
857,12,1.4113406766034813,0.001,Not Significant,52.494749064159244,-1.903355398425039
858,19,1.7726724248598398,0.001,Hot Spot - 90% confidence,52.49924402370164,-1.9033455695983623
859,42,2.6729396620409362,0.001,Hot Spot - 99% confidence,52.50373897980521,-1.9033357381743377
860,39,2.391223383739369,0.001,Hot Spot - 95% confidence,52.50823393247014,-1.9033259041520523
861,17,1.178618533658708,0.003,Not Significant,52.512728881696496,-1.9033160675305894
862,37,1.7726724248598398,0.086,Hot Spot - 90% confidence,52.517223827484486,-1.903306228309034
863,10,0.5784403755379773,0.028,Not Significant,52.521718769834244,-1.9032963864864685
864,14,0.615185977055573,0.11,Not Significant,52.526213708745935,-1.9032865420619778
865,0,-0.009489248743554942,0.074,Not Significant,52.5307086442197,-1.9032766950346434
866,6,0.16199022500522522,0.175,Not Significant,52.53520357625568,-1.9032668454035482
867,9,0.18036302576402316,0.384,Not Significant,52.53969850485404,-1.903256993167774
868,8,0.0762504881308352,0.484,Not Significant,52.54419343001494,-1.9032471383264031
869,5,-0.06460765101994866,0.494,Not Significant,52.548688351738505,-1.9032372808785147
870,4,-0.13809885405514014,0.435,Not Significant,52.55318327002491,-1.9032274208231916
871,0,-0.37082099699991333,0.352,Not Significant,52.5576781848743,-1.9032175581595128
872,0,-0.5055548692310978,0.05,Not Significant,52.5621730962868,-1.9032076928865578
873,0,-0.5545490045878921,0.001,Not Significant,52.56666800426262,-1.9031978250034063
874,0,-0.5545490045878921,0.001,Not Significant,52.57116290880185,-1.9031879545091366
875,0,-0.5545490045878921,0.001,Not Significant,52.575657809904705,-1.9031780814028285
876,0,-0.5545490045878921,0.001,Not Significant,52.580152707571266,-1.9031682056835582
877,0,-0.5545490045878921,0.001,Not Significant,52.584647601801734,-1.903158327350404
878,0,-0.5545490045878921,0.001,Not Significant,52.58914249259624,-1.9031484464024426
879,0,-0.5545490045878921,0.001,Not Significant,52.593637379954956,-1.9031385628387514
880,0,-0.5545490045878921,0.001,Not Significant,52.598132263878014,-1.9031286766584046
881,0,-0.554549004587892,0.001,Not Significant,52.602627144365584,-1.9031187878604814
882,0,-0.5545490045878921,0.001,Not Significant,52.386862799728405,-1.8962439782042326
883,0,-0.5545490045878921,0.001,Not Significant,52.391357840847,-1.8962334651583153
884,0,-0.5545490045878921,0.001,Not Significant,52.39585287852297,-1.8962229493401217
885,0,-0.45656073387430346,0.132,Not Significant,52.400347912756494,-1.8962124307486785
886,5,-0.15034738789433874,0.291,Not Significant,52.40484294354766,-1.8962019093830123
887,0,-0.27895699320592393,0.424,Not Significant,52.409337970896665,-1.8961913852421468
888,1,-0.27895699320592393,0.455,Not Significant,52.41383299480363,-1.8961808583251083
889,1,-0.18096872249233523,0.313,Not Significant,52.41832801526872,-1.8961703286309213
890,7,0.24772996187961535,0.13,Not Significant,52.42282303229207,-1.8961597961586096
891,10,0.5906889093771758,0.026,Not Significant,52.42731804587385,-1.8961492609071973
892,28,1.42358921044268,0.045,Not Significant,52.431813056014164,-1.8961387228757067
893,21,0.9948905260707294,0.079,Not Significant,52.43630806271321,-1.8961281820631606
894,14,0.6580558454927682,0.079,Not Significant,52.44080306597114,-1.8961176384685823
895,2,0.05787768737203725,0.087,Not Significant,52.445298065788066,-1.8961070920909924
896,6,0.5968131762967751,0.006,Not Significant,52.44979306216415,-1.8960965429294123
897,29,1.8155422932970349,0.002,Hot Spot - 90% confidence,52.454288055099546,-1.8960859909828636
898,32,2.5627028574881487,0.001,Hot Spot - 95% confidence,52.45878304459441,-1.8960754362503653
899,28,2.5688271244077483,0.001,Hot Spot - 95% confidence,52.463278030648894,-1.8960648787309382
900,38,3.340484756277259,0.001,Hot Spot - 99% confidence,52.467773013263134,-1.8960543184236014
901,56,4.253000527297553,0.001,Hot Spot - 99% confidence,52.47226799243729,-1.8960437553273743
902,42,3.5487098315436354,0.001,Hot Spot - 99% confidence,52.4767629681715,-1.8960331894412739
903,47,3.7201893052924153,0.001,Hot Spot - 99% confidence,52.48125794046592,-1.89602262076432
904,57,3.9284143805587908,0.001,Hot Spot - 99% confidence,52.48575290932072,-1.8960120492955292
905,37,2.875040470387713,0.001,Hot Spot - 99% confidence,52.49024787473602,-1.8960014750339182
906,34,2.519832989050953,0.001,Hot Spot - 95% confidence,52.494742836712,-1.8959908979785038
907,46,2.8811647373073126,0.001,Hot Spot - 99% confidence,52.49923779524878,-1.8959803181283024
908,31,2.397347650658968,0.001,Hot Spot - 95% confidence,52.503732750346515,-1.8959697354823295
909,9,1.3072281389702933,0.001,Not Significant,52.50822770200537,-1.8959591500396
910,18,1.4113406766034813,0.001,Not Significant,52.512722650225484,-1.8959485617991279
911,6,0.5110734394223851,0.009,Not Significant,52.51721759500704,-1.8959379707599293
912,14,0.7131742477691617,0.056,Not Significant,52.521712536350144,-1.8959273769210159
913,21,0.9397721237943357,0.125,Not Significant,52.52620747425498,-1.8959167802814023
914,21,0.9336478568747363,0.129,Not Significant,52.53070240872166,-1.8959061808401
915,10,0.3885881010303992,0.133,Not Significant,52.53519733975039,-1.8958955785961227
916,9,0.2538542287992147,0.252,Not Significant,52.539692267341245,-1.8958849735484806
917,3,-0.08910471869834578,0.324,Not Significant,52.54418719149449,-1.8958743656961865
918,2,-0.16259592173353732,0.384,Not Significant,52.54868211221013,-1.8958637550382498
919,6,-0.027862049502352885,0.475,Not Significant,52.55317702948848,-1.8958531415736826
920,8,0.027256352774040832,0.366,Not Significant,52.55767194332957,-1.8958425253014937
921,0,-0.4504364669547042,0.145,Not Significant,52.562166853733565,-1.895831906220692
922,0,-0.5178034030702964,0.031,Not Significant,52.566661760700676,-1.895821284330287
923,0,-0.5423004707486936,0.011,Not Significant,52.571156664231,-1.895810659629288
924,0,-0.5545490045878921,0.001,Not Significant,52.57565156432473,-1.8958000321167021
925,0,-0.5545490045878921,0.001,Not Significant,52.58014646098198,-1.8957894017915364
926,0,-0.5545490045878921,0.001,Not Significant,52.584641354202894,-1.8957787686527985
927,0,-0.5545490045878921,0.001,Not Significant,52.5891362439877,-1.8957681326994955
928,0,-0.5545490045878921,0.001,Not Significant,52.59363113033647,-1.8957574939306323
929,0,-0.5545490045878921,0.001,Not Significant,52.598126013249384,-1.895746852345215
930,0,-0.554549004587892,0.001,Not Significant,52.6026208927266,-1.8957362079422488
931,0,-0.5545490045878921,0.001,Not Significant,52.386856139795285,-1.8888974457472845
932,0,-0.5545490045878921,0.001,Not Significant,52.39135117983952,-1.8888861864201316
933,0,-0.5423004707486936,0.011,Not Significant,52.39584621644089,-1.888874924123945
934,0,-0.38919379775871127,0.302,Not Significant,52.40034124959959,-1.8888636588576835
935,11,0.19873582652282099,0.42,Not Significant,52.40483627931572,-1.8888523906203014
936,15,0.4437065033067928,0.45,Not Significant,52.409331305589475,-1.8888411194107586
937,9,0.07012622121123584,0.349,Not Significant,52.41382632842097,-1.8888298452280088
938,4,-0.07073191793954796,0.4,Not Significant,52.41832134781036,-1.8888185680710077
939,20,0.7254227816083604,0.365,Not Significant,52.422816363757796,-1.888807287938709
940,17,0.8295353192415482,0.071,Not Significant,52.427311376263454,-1.8887960048300687
941,10,0.5233219732615836,0.051,Not Significant,52.43180638532744,-1.8887847187440403
942,6,0.2967240972364097,0.066,Not Significant,52.436301390949936,-1.8887734296795757
943,6,0.24772996187961535,0.096,Not Significant,52.440796393131066,-1.888762137635629
944,25,1.07450599602552,0.198,Not Significant,52.445291391871,-1.8887508426111534
945,19,1.2153641351763038,0.006,Not Significant,52.44978638716987,-1.8887395446050987
946,34,2.0666372370006054,0.003,Hot Spot - 95% confidence,52.45428137902783,-1.888728243616417
947,26,2.3116079137845773,0.001,Hot Spot - 95% confidence,52.45877636744506,-1.888716939644059
948,74,4.4183557341267345,0.001,Hot Spot - 99% confidence,52.46327135242166,-1.8887056326869753
949,18,2.2503652445885844,0.001,Hot Spot - 95% confidence,52.4677663339578,-1.8886943227441158
950,26,2.599448459005744,0.001,Hot Spot - 99% confidence,52.47226131205366,-1.8886830098144292
951,50,3.5487098315436354,0.001,Hot Spot - 99% confidence,52.47675628670934,-1.8886716938968642
952,15,2.0972585715986027,0.001,Hot Spot - 95% confidence,52.48125125792503,-1.88866037499037
953,18,2.091134304679003,0.001,Hot Spot - 95% confidence,52.485746225700844,-1.8886490530938935
954,60,3.7446863729708117,0.001,Hot Spot - 99% confidence,52.49024119003695,-1.8886377282063818
955,15,1.631814285709056,0.001,Not Significant,52.49473615093354,-1.8886264003267823
956,23,1.7359268233422438,0.001,Hot Spot - 90% confidence,52.49923110839068,-1.8886150694540418
957,17,1.4848318796386728,0.001,Not Significant,52.503726062408596,-1.8886037355871046
958,39,2.287110846106181,0.005,Hot Spot - 95% confidence,52.50822101298739,-1.8885923987249167
959,29,1.5766958834326623,0.015,Not Significant,52.51271596012724,-1.888581058866422
960,1,0.1313688904072288,0.033,Not Significant,52.51721090382828,-1.888569716010566
961,0,-0.08298045177874648,0.13,Not Significant,52.52170584409065,-1.8885583701562914
962,6,0.24772996187961535,0.1,Not Significant,52.526200780914536,-1.8885470213025422
963,11,0.5110734394223851,0.082,Not Significant,52.530695714300066,-1.8885356694482598
964,7,0.33959396567360484,0.07,Not Significant,52.53519064424741,-1.8885243145923876
965,11,0.43145796946759424,0.146,Not Significant,52.539685570756674,-1.8885129567338665
966,6,0.1191203565680302,0.239,Not Significant,52.544180493828065,-1.8885015958716387
967,2,0.027256352774040832,0.119,Not Significant,52.54867541346171,-1.888490232004643
968,14,0.5233219732615836,0.213,Not Significant,52.55317032965778,-1.8884788651318218
969,3,0.021132085854441478,0.17,Not Significant,52.55766524241637,-1.8884674952521125
970,4,-0.15034738789433874,0.413,Not Significant,52.56216015173768,-1.8884561223644563
971,2,-0.3401996624019169,0.178,Not Significant,52.56665505762187,-1.8884447464677903
972,0,-0.46880926771350206,0.11,Not Significant,52.57114996006905,-1.888433367561053
973,0,-0.5484247376682929,0.006,Not Significant,52.575644859079404,-1.8884219856431819
974,0,-0.5545490045878921,0.001,Not Significant,52.580139754653075,-1.888410600713114
975,0,-0.5545490045878921,0.001,Not Significant,52.584634646790185,-1.8883992127697862
976,0,-0.5545490045878921,0.001,Not Significant,52.58912953549094,-1.8883878218121344
977,0,-0.5545490045878921,0.001,Not Significant,52.593624420755475,-1.888376427839094
978,0,-0.5545490045878921,0.001,Not Significant,52.59811930258392,-1.8883650308495994
979,0,-0.554549004587892,0.001,Not Significant,52.60261418097643,-1.8883536308425868
980,0,-0.5545490045878921,0.001,Not Significant,52.386849023302645,-1.8815509162583546
981,0,-0.5545490045878921,0.001,Not Significant,52.39134406219885,-1.8815389106510079
982,0,-0.5423004707486936,0.011,Not Significant,52.39583909765201,-1.881526901877871
983,2,-0.3157025947235197,0.243,Not Significant,52.40033412966219,-1.8815148899378333
984,9,0.12524462348762944,0.494,Not Significant,52.40482915822962,-1.8815028748297826
985,4,0.03338061969364007,0.214,Not Significant,52.40932418335443,-1.881490856552604
986,4,-0.04623485026115077,0.343,Not Significant,52.41381920503675,-1.8814788351051874
987,1,-0.12585032021594156,0.237,Not Significant,52.418314223276745,-1.8814668104864167
988,4,0.027256352774040832,0.225,Not Significant,52.42280923807454,-1.8814547826951773
989,5,0.2109843603620196,0.086,Not Significant,52.4273042494303,-1.8814427517303556
990,6,0.1191203565680302,0.237,Not Significant,52.431799257344196,-1.8814307175908358
991,3,-0.027862049502352885,0.237,Not Significant,52.43629426181636,-1.8814186802755002
992,3,0.08237475505043443,0.113,Not Significant,52.44078926284692,-1.8814066397832339
993,9,0.5416947740203815,0.026,Not Significant,52.445284260436026,-1.8813945961129195
994,7,0.884653721517942,0.001,Not Significant,52.44977925458387,-1.8813825492634386
995,25,2.1768740415533934,0.001,Hot Spot - 95% confidence,52.454274245290556,-1.881370499233674
996,12,2.2319924438297867,0.001,Hot Spot - 95% confidence,52.45876923255626,-1.881358446022506
997,26,2.7586793989153264,0.001,Hot Spot - 99% confidence,52.46326421638111,-1.8813463896288163
998,40,3.475218628508443,0.001,Hot Spot - 99% confidence,52.46775919676529,-1.881334330051484
999,26,2.6729396620409362,0.001,Hot Spot - 99% confidence,52.47225417370893,-1.8813222672893897
1000,37,3.077141278734489,0.001,Hot Spot - 99% confidence,52.47674914721217,-1.8813102013414118
1001,21,1.9074062970910242,0.001,Hot Spot - 90% confidence,52.48124411727518,-1.881298132206429
1002,41,2.7280580643173296,0.001,Hot Spot - 99% confidence,52.48573908389811,-1.8812860598833197
1003,10,1.2888553382114953,0.001,Not Significant,52.490234047081074,-1.881273984370962
1004,10,1.117375864462715,0.001,Not Significant,52.49472900682426,-1.881261905668231
1005,17,1.1663699998195094,0.004,Not Significant,52.49922396312778,-1.881249823774004
1006,20,1.448086278121077,0.002,Not Significant,52.50371891599183,-1.8812377386871566
1007,12,1.1235001313823145,0.002,Not Significant,52.508213865416565,-1.8812256504065659
1008,16,1.0561331952667223,0.007,Not Significant,52.51270881140208,-1.8812135589311045
1009,15,0.6886771800907645,0.101,Not Significant,52.51720375394857,-1.8812014642596475
1010,6,0.1191203565680302,0.233,Not Significant,52.52169869305616,-1.8811893663910677
1011,8,0.1742387588444238,0.292,Not Significant,52.52619362872501,-1.88117726532424
1012,2,0.015007818934842241,0.133,Not Significant,52.530688560955305,-1.8811651610580362
1013,11,0.48657637174398793,0.107,Not Significant,52.535183489747155,-1.8811530535913281
1014,15,0.7376713154475589,0.066,Not Significant,52.5396784151007,-1.8811409429229873
1015,12,0.4804521048243886,0.149,Not Significant,52.54417333701615,-1.8811288290518842
1016,8,0.406960901789197,0.059,Not Significant,52.54866825549358,-1.8811167119768903
1017,28,1.1602457328999103,0.28,Not Significant,52.55316317053322,-1.881104591696875
1018,7,0.19261155960322174,0.198,Not Significant,52.55765808213513,-1.8810924682107075
1019,3,-0.21159005709033168,0.383,Not Significant,52.56215299029955,-1.8810803415172568
1020,11,0.05175342045243801,0.073,Not Significant,52.56664789502659,-1.8810682116153912
1021,1,-0.4198151323567077,0.11,Not Significant,52.5711427963164,-1.8810560785039783
1022,0,-0.5423004707486936,0.011,Not Significant,52.57563769416914,-1.8810439421818859
1023,0,-0.5484247376682929,0.006,Not Significant,52.58013258858495,-1.8810318026479789
1024,0,-0.5545490045878921,0.001,Not Significant,52.584627479564006,-1.8810196599011253
1025,0,-0.5545490045878921,0.001,Not Significant,52.58912236710645,-1.8810075139401894
1026,0,-0.5545490045878921,0.001,Not Significant,52.5936172512124,-1.880995364764036
1027,0,-0.5545490045878921,0.001,Not Significant,52.598112131882054,-1.8809832123715313
1028,0,-0.554549004587892,0.001,Not Significant,52.602607009115566,-1.880971056761537
1029,0,-0.5545490045878921,0.001,Not Significant,52.38684145025087,-1.8742043899341303
1030,0,-0.5545490045878921,0.001,Not Significant,52.39133648792545,-1.8741916380477004
1031,0,-0.5423004707486936,0.011,Not Significant,52.395831522156705,-1.8741788827987258
1032,0,-0.46268500079390273,0.117,Not Significant,52.40032655294476,-1.8741661241860244
1033,3,-0.2544599255275268,0.276,Not Significant,52.40482158028982,-1.8741533622084152
1034,4,-0.08910471869834578,0.432,Not Significant,52.40931660419199,-1.874140596864717
1035,9,0.11299608964843086,0.461,Not Significant,52.413811624651416,-1.8741278281537468
1036,5,-0.06460765101994866,0.495,Not Significant,52.418306641668266,-1.8741150560743207
1037,7,-0.009489248743554942,0.397,Not Significant,52.42280165524271,-1.874102280625256
1038,4,0.0027592850956436495,0.254,Not Significant,52.42729666537485,-1.8740895018053685
1039,17,0.5478190409399808,0.433,Not Significant,52.43179167206486,-1.8740767196134727
1040,0,-0.08298045177874648,0.133,Not Significant,52.436286675312886,-1.874063934048383
1041,14,0.49882490558318643,0.242,Not Significant,52.440781675119084,-1.8740511451089132
1042,17,0.7927897177239526,0.091,Not Significant,52.44527667148358,-1.874038352793878
1043,16,1.117375864462715,0.004,Not Significant,52.449771664406555,-1.8740255571020903
1044,34,2.532081522890152,0.001,Hot Spot - 95% confidence,52.45426665388813,-1.874012758032361
1045,98,5.539096580413406,0.001,Hot Spot - 99% confidence,52.458761639928476,-1.8739999555835023
1046,42,3.0158986095384965,0.001,Hot Spot - 99% confidence,52.46325662252773,-1.873987149754326
1047,23,2.397347650658968,0.001,Hot Spot - 95% confidence,52.46775160168604,-1.8739743405436415
1048,103,5.833061392554172,0.001,Hot Spot - 99% confidence,52.47224657740355,-1.87396152795026
1049,22,2.262613778427783,0.001,Hot Spot - 95% confidence,52.47674154968045,-1.8739487119729903
1050,34,2.103382838518202,0.005,Hot Spot - 95% confidence,52.481236518516845,-1.873935892610642
1051,17,1.2276126690155025,0.005,Not Significant,52.48573148391291,-1.8739230698620224
1052,33,1.9135305640106235,0.007,Hot Spot - 90% confidence,52.49022644586878,-1.8739102437259394
1053,27,1.5154532142366692,0.014,Not Significant,52.494721404384606,-1.873897414201201
1054,8,0.6886771800907645,0.007,Not Significant,52.49921635946055,-1.8738845812866134
1055,25,1.405216409683882,0.016,Not Significant,52.50371131109675,-1.873871744980982
1056,26,1.4603348119602757,0.015,Not Significant,52.50820625929335,-1.8738589052831125
1057,6,0.42533370254799485,0.021,Not Significant,52.51270120405053,-1.8738460621918096
1058,7,0.28447556339721114,0.105,Not Significant,52.51719614536841,-1.8738332157058777
1059,18,0.6519315785731689,0.305,Not Significant,52.52169108324715,-1.8738203658241208
1060,7,0.10074755580923227,0.333,Not Significant,52.52618601768691,-1.8738075125453424
1061,5,0.1313688904072288,0.153,Not Significant,52.53068094868783,-1.8737946558683438
1062,22,0.9397721237943357,0.182,Not Significant,52.535175876250086,-1.873781795791928
1063,9,0.5539433078595801,0.027,Not Significant,52.53967080037378,-1.8737689323148952
1064,13,0.6274345108947716,0.078,Not Significant,52.544165721059116,-1.8737560654360483
1065,9,0.49270063866358704,0.043,Not Significant,52.54866063830621,-1.8737431951541854
1066,9,0.36409103335200205,0.121,Not Significant,52.553155552115214,-1.8737303214681067
1067,4,0.0027592850956436495,0.252,Not Significant,52.5576504624863,-1.873717444376612
1068,1,-0.2973297939647218,0.403,Not Significant,52.5621453694196,-1.8737045638784988
1069,0,-0.45656073387430346,0.127,Not Significant,52.56664027291528,-1.8736916799725665
1070,0,-0.47493353463310134,0.096,Not Significant,52.5711351729735,-1.8736787926576115
1071,1,-0.4994306023114985,0.006,Not Significant,52.57563006959438,-1.8736659019324298
1072,0,-0.5484247376682929,0.006,Not Significant,52.580124962778086,-1.8736530077958182
1073,0,-0.5423004707486936,0.011,Not Significant,52.58461985252477,-1.873640110246573
1074,0,-0.5423004707486936,0.011,Not Significant,52.58911473883459,-1.873627209283488
1075,0,-0.5423004707486936,0.011,Not Significant,52.5936096217077,-1.8736143049053589
1076,0,-0.5545490045878921,0.001,Not Significant,52.598104501144256,-1.8736013971109786
1077,0,-0.554549004587892,0.001,Not Significant,52.60259937714438,-1.8735884858991398
1078,0,-0.5545490045878921,0.001,Not Significant,52.38683342064048,-1.8668578669712974
1079,0,-0.5545490045878921,0.001,Not Significant,52.39132845701978,-1.8668443688069651
1080,0,-0.5545490045878921,0.001,Not Significant,52.3958234899555,-1.8668308670833327
1081,0,-0.530051936909495,0.022,Not Significant,52.400318519447765,-1.8668173617991495
1082,1,-0.43206366619590625,0.083,Not Significant,52.40481354549673,-1.8668038529531648
1083,5,-0.13809885405514014,0.315,Not Significant,52.40930856810258,-1.8667903405441282
1084,9,0.11299608964843086,0.454,Not Significant,52.41380358726545,-1.866776824570788
1085,5,-0.009489248743554942,0.358,Not Significant,52.41829860298544,-1.8667633050318915
1086,1,-0.18096872249233523,0.305,Not Significant,52.42279361526277,-1.866749781926185
1087,8,0.2109843603620196,0.234,Not Significant,52.42728862409754,-1.866736255252416
1088,11,0.3028483641560091,0.314,Not Significant,52.43178362948991,-1.8667227250093295
1089,7,0.24772996187961535,0.14,Not Significant,52.43627863144004,-1.8667091911956721
1090,16,0.8050382515631511,0.059,Not Significant,52.44077362994806,-1.8666956538101862
1091,5,0.5845646424575767,0.005,Not Significant,52.445268625014144,-1.866682112851618
1092,14,1.319476672809492,0.001,Not Significant,52.44976361663842,-1.866668568318709
1093,34,2.6729396620409362,0.001,Hot Spot - 99% confidence,52.45425860482105,-1.8666550202102041
1094,26,2.5749513913273474,0.001,Hot Spot - 95% confidence,52.45875358956217,-1.8666414685248436
1095,12,1.7481753571814425,0.001,Hot Spot - 90% confidence,52.46324857086193,-1.8666279132613697
1096,10,1.8339150940558324,0.001,Hot Spot - 90% confidence,52.46774354872049,-1.866614354418524
1097,39,2.9791530080209,0.001,Hot Spot - 99% confidence,52.472238523138024,-1.8666007919950458
1098,22,2.152376973874996,0.001,Hot Spot - 95% confidence,52.47673349411463,-1.8665872259896754
1099,2,0.4437065033067928,0.005,Not Significant,52.48122846165049,-1.8665736564011524
1100,0,0.41920943562839563,0.005,Not Significant,52.48572342574573,-1.866560083228215
1101,14,1.0928787967843179,0.005,Not Significant,52.49021838640055,-1.8665465064696016
1102,20,1.466459078879875,0.003,Not Significant,52.494713343615054,-1.8665329261240489
1103,10,0.8785294545983426,0.005,Not Significant,52.499208297389394,-1.8665193421902928
1104,10,1.0867545298647188,0.001,Not Significant,52.503703247723735,-1.8665057546670714
1105,17,1.2949796051310947,0.005,Not Significant,52.50819819461823,-1.866492163553119
1106,15,1.0193875937491266,0.007,Not Significant,52.51269313807301,-1.8664785688471706
1107,4,0.1742387588444238,0.085,Not Significant,52.517188078088246,-1.8664649705479608
1108,1,0.12524462348762944,0.034,Not Significant,52.52168301466406,-1.8664513686542232
1109,5,0.2661027626384133,0.059,Not Significant,52.52617794780063,-1.866437763164691
1110,6,0.35796676643240266,0.039,Not Significant,52.530672877498134,-1.8664241540780961
1111,11,0.42533370254799485,0.155,Not Significant,52.53516780375665,-1.866410541393171
1112,9,0.3947123679499984,0.097,Not Significant,52.53966272657638,-1.866396925108647
1113,16,0.7315470485279595,0.101,Not Significant,52.544157645957455,-1.866383305223254
1114,11,0.4559550371459914,0.129,Not Significant,52.548652561900056,-1.8663696817357232
1115,2,-0.04011058334155147,0.182,Not Significant,52.55314747440428,-1.8663560546447813
1116,9,0.008883552015242888,0.19,Not Significant,52.55764238347033,-1.8663424239491622
1117,0,-0.45656073387430346,0.13,Not Significant,52.562137289098324,-1.8663287896475889
1118,0,-0.5484247376682929,0.005,Not Significant,52.56663219128844,-1.866315151738791
1119,0,-0.5484247376682929,0.005,Not Significant,52.5711270900408,-1.8663015102214962
1120,0,-0.5484247376682929,0.005,Not Significant,52.57562198535559,-1.8662878650944308
1121,0,-0.5484247376682929,0.005,Not Significant,52.58011687723292,-1.8662742163563188
1122,0,-0.5423004707486936,0.01,Not Significant,52.584611765672975,-1.866260564005886
1123,2,-0.42593939927630703,0.022,Not Significant,52.589106650675895,-1.8662469080418587
1124,0,-0.4994306023114985,0.058,Not Significant,52.59360153224185,-1.8662332484629582
1125,0,-0.5116791361506972,0.039,Not Significant,52.598096410370935,-1.8662195852679107
1126,0,-0.5349513504451744,0.05,Not Significant,52.602591285063376,-1.866205918455435
1127,0,-0.5545490045878921,0.001,Not Significant,52.38682493447194,-1.8595113475665432
1128,0,-0.5545490045878921,0.001,Not Significant,52.39131996948234,-1.8594971031255578
1129,0,-0.5545490045878921,0.001,Not Significant,52.39581500104886,-1.8594828549285174
1130,0,-0.5484247376682929,0.005,Not Significant,52.40031002917168,-1.8594686029741032
1131,0,-0.5055548692310978,0.049,Not Significant,52.40480505385091,-1.8594543472609941
1132,0,-0.43206366619590625,0.187,Not Significant,52.40930007508674,-1.8594400877878712
1133,2,-0.27283272628632466,0.348,Not Significant,52.413795092879305,-1.859425824553413
1134,7,0.008883552015242888,0.436,Not Significant,52.41829010722875,-1.859411557556298
1135,9,0.14974169116602662,0.468,Not Significant,52.42278511813521,-1.8593972867952044
1136,8,0.1313688904072288,0.38,Not Significant,52.427280125598855,-1.8593830122688078
1137,4,-0.015613515663154295,0.277,Not Significant,52.43177512961983,-1.8593687339757863
1138,4,0.18036302576402316,0.081,Not Significant,52.43627013019828,-1.8593544519148155
1139,9,0.5968131762967751,0.021,Not Significant,52.44076512733434,-1.8593401660845694
1140,38,1.9564004324478186,0.028,Hot Spot - 90% confidence,52.445260121028184,-1.8593258764837242
1141,22,1.4542105450406764,0.005,Not Significant,52.44975511127993,-1.8593115831109521
1142,28,1.6746841541462512,0.008,Hot Spot - 90% confidence,52.45425009808978,-1.8592972859649286
1143,17,1.301103872050694,0.005,Not Significant,52.458745081457835,-1.8592829850443247
1144,38,2.072761503920205,0.014,Hot Spot - 95% confidence,52.46324006138424,-1.8592686803478131
1145,26,1.8890334963322262,0.001,Hot Spot - 90% confidence,52.46773503786919,-1.859254371874065
1146,27,2.054388703161407,0.001,Hot Spot - 95% confidence,52.47223001091279,-1.85924005962175
1147,32,1.9747732332066161,0.005,Hot Spot - 95% confidence,52.47672498051522,-1.8592257435895407
1148,7,0.4437065033067928,0.029,Not Significant,52.4812199466766,-1.8592114237761046
1149,13,0.8724051876787435,0.012,Not Significant,52.485714909397124,-1.8591971001801118
1150,39,2.1462527069553965,0.012,Hot Spot - 95% confidence,52.49020986867689,-1.8591827728002293
1151,8,0.9336478568747363,0.002,Not Significant,52.4947048245161,-1.8591684416351248
1152,31,1.613441484950258,0.028,Not Significant,52.49919977691486,-1.859154106683466
1153,25,1.570571616513063,0.007,Not Significant,52.50369472587332,-1.8591397679439188
1154,46,2.617821259764542,0.006,Hot Spot - 99% confidence,52.50818967139166,-1.8591254254151486
1155,13,1.0622574621863217,0.005,Not Significant,52.512684613470036,-1.8591110790958203
1156,18,0.9826419922315307,0.027,Not Significant,52.51717955210856,-1.859096728984599
1157,9,0.5233219732615836,0.032,Not Significant,52.52167448730741,-1.8590823750801466
1158,35,1.5644473495934637,0.191,Not Significant,52.526169419066726,-1.859068017381129
1159,13,0.5600675747791795,0.12,Not Significant,52.53066434738667,-1.8590536558862059
1160,3,-0.06460765101994866,0.277,Not Significant,52.53515927226737,-1.8590392905940407
1161,5,0.05787768737203725,0.239,Not Significant,52.539654193708984,-1.859024921503294
1162,4,0.14974169116602662,0.096,Not Significant,52.5441491117117,-1.8590105486126258
1163,22,0.8234110523219491,0.371,Not Significant,52.5486440262756,-1.8589961719206964
1164,2,-0.12585032021594156,0.308,Not Significant,52.5531389374009,-1.858981791426165
1165,2,-0.36469673008031406,0.115,Not Significant,52.55763384508773,-1.8589674071276905
1166,0,-0.48718206847229995,0.073,Not Significant,52.56212874933621,-1.8589530190239305
1167,0,-0.5545490045878921,0.001,Not Significant,52.56662365014655,-1.858938627113541
1168,0,-0.5545490045878921,0.001,Not Significant,52.571118547518836,-1.8589242313951804
1169,0,-0.5545490045878921,0.001,Not Significant,52.575613441453264,-1.8589098318675041
1170,0,-0.5545490045878921,0.001,Not Significant,52.58010833194997,-1.8588954285291663
1171,0,-0.530051936909495,0.018,Not Significant,52.584603219009125,-1.8588810213788234
1172,0,-0.4994306023114985,0.057,Not Significant,52.58909810263084,-1.8588666104151281
1173,5,-0.27283272628632466,0.029,Not Significant,52.5935929828153,-1.858852195636734
1174,2,-0.4198151323567077,0.029,Not Significant,52.59808785956265,-1.858837777042294
1175,0,-0.5251525233738153,0.075,Not Significant,52.60258273287305,-1.8588233546304604
1176,0,-0.5545490045878921,0.001,Not Significant,52.38681599174577,-1.8521648319165527
1177,0,-0.5545490045878921,0.001,Not Significant,52.391311025313605,-1.852149841200233
1178,0,-0.5545490045878921,0.001,Not Significant,52.39580605543732,-1.8521348465311034
1179,0,-0.5545490045878921,0.001,Not Significant,52.40030108211701,-1.8521198479077767
1180,0,-0.5361762038290944,0.012,Not Significant,52.404796105352844,-1.8521048453288644
1181,2,-0.4075665985175091,0.049,Not Significant,52.40929112514498,-1.8520898387929767
1182,1,-0.4014423315979099,0.142,Not Significant,52.413786141493546,-1.852074828298722
1183,1,-0.29120552704512254,0.416,Not Significant,52.41828115439867,-1.8520598138447104
1184,8,0.24772996187961535,0.189,Not Significant,52.422776163860576,-1.852044795429552
1185,5,0.19261155960322174,0.099,Not Significant,52.42727116987933,-1.8520297730518527
1186,2,0.19873582652282099,0.028,Not Significant,52.43176617245515,-1.8520147467102195
1187,11,0.633558777814371,0.029,Not Significant,52.436261171588114,-1.8519997164032598
1188,28,1.6073172180306587,0.012,Not Significant,52.44075616727845,-1.8519846821295802
1189,7,0.6825529131711654,0.007,Not Significant,52.44525115952623,-1.8519696438877826
1190,5,0.6090617101359739,0.006,Not Significant,52.44974614833166,-1.8519546016764759
1191,21,1.0377603945079243,0.063,Not Significant,52.45424113369484,-1.8519395554942608
1192,1,0.27835129647761186,0.012,Not Significant,52.458736115615984,-1.8519245053397413
1193,7,0.6029374432163744,0.01,Not Significant,52.46323109409517,-1.8519094512115197
1194,26,1.7420510902618431,0.004,Hot Spot - 90% confidence,52.467726069132596,-1.8518943931081981
1195,32,2.3054836468649778,0.001,Hot Spot - 95% confidence,52.47222104072841,-1.8518793310283783
1196,23,1.6073172180306587,0.003,Not Significant,52.47671600888274,-1.8518642649706587
1197,5,0.5845646424575767,0.007,Not Significant,52.48121097359572,-1.851849194933641
1198,10,0.9152750561159385,0.005,Not Significant,52.48570593486753,-1.851834120915924
1199,52,2.875040470387713,0.007,Hot Spot - 99% confidence,52.490200892698326,-1.851819042916105
1200,12,1.178618533658708,0.002,Not Significant,52.494695847088245,-1.851803960932783
1201,1,0.27835129647761186,0.014,Not Significant,52.499190798037446,-1.8517888749645541
1202,20,1.301103872050694,0.008,Not Significant,52.50368574554604,-1.8517737850100153
1203,12,1.0990030637039172,0.003,Not Significant,52.50818068961424,-1.8517586910677628
1204,38,2.158501240794595,0.008,Hot Spot - 95% confidence,52.51267563024213,-1.8517435931363901
1205,10,0.98876625915113,0.003,Not Significant,52.51717056742993,-1.8517284912144931
1206,17,1.3745950750858855,0.002,Not Significant,52.52166550117771,-1.8517133853006649
1207,14,1.1357486652215132,0.004,Not Significant,52.52616043148568,-1.8516982753934983
1208,1,0.16199022500522522,0.03,Not Significant,52.53065535835399,-1.8516831614915856
1209,3,-0.07073191793954796,0.291,Not Significant,52.535150281782755,-1.8516680435935184
1210,8,0.05787768737203725,0.439,Not Significant,52.539645201772146,-1.8516529216978894
1211,6,0.1313688904072288,0.213,Not Significant,52.54414011832233,-1.851637795803286
1212,6,0.16199022500522522,0.179,Not Significant,52.54863503143341,-1.8516226659082995
1213,2,-0.07685618485914725,0.231,Not Significant,52.55312994110561,-1.8516075320115184
1214,0,-0.4014423315979099,0.269,Not Significant,52.55762484733901,-1.8515923941115318
1215,0,-0.5423004707486936,0.01,Not Significant,52.56211975013379,-1.851577252206927
1216,0,-0.5545490045878921,0.001,Not Significant,52.56661464949012,-1.85156210629629
1217,0,-0.5545490045878921,0.001,Not Significant,52.57110954540811,-1.8515469563782072
1218,0,-0.5545490045878921,0.001,Not Significant,52.57560443788794,-1.8515318024512646
1219,0,-0.5484247376682929,0.005,Not Significant,52.580099326929755,-1.8515166445140476
1220,0,-0.530051936909495,0.02,Not Significant,52.584594212533716,-1.851501482565139
1221,2,-0.4075665985175091,0.049,Not Significant,52.58908909469996,-1.851486316603123
1222,0,-0.4810578015527006,0.084,Not Significant,52.59358397342865,-1.8514711466265834
1223,0,-0.4933063353918992,0.065,Not Significant,52.59807884871991,-1.8514559726340996
1224,1,-0.4761583880170211,0.076,Not Significant,52.602573720573915,-1.8514407946242557
1225,0,-0.5545490045878921,0.001,Not Significant,52.386806592462506,-1.8448183202180108
1226,0,-0.5545490045878921,0.001,Not Significant,52.3913016245142,-1.8448025832277435
1227,0,-0.5545490045878921,0.001,Not Significant,52.39579665312143,-1.8447868420879145
1228,0,-0.5545490045878921,0.001,Not Significant,52.40029167828434,-1.8447710967970647
1229,0,-0.5361762038290944,0.013,Not Significant,52.40478670000309,-1.844755347353738
1230,1,-0.46268500079390273,0.04,Not Significant,52.40928171827783,-1.8447395937564741
1231,4,-0.30345406088432114,0.057,Not Significant,52.41377673310867,-1.8447238360038143
1232,0,-0.27283272628632466,0.422,Not Significant,52.41827174449582,-1.8447080740942998
1233,4,0.1313688904072288,0.11,Not Significant,52.4227667524394,-1.8446923080264677
1234,33,1.4848318796386728,0.178,Not Significant,52.42726175693954,-1.8446765377988568
1235,14,0.762168383125956,0.037,Not Significant,52.431756757996396,-1.8446607634100063
1236,28,1.4358377442818784,0.041,Not Significant,52.43625175561015,-1.844644984858453
1237,17,1.1051273306235165,0.01,Not Significant,52.44074674978091,-1.8446292021427324
1238,15,0.8724051876787435,0.026,Not Significant,52.445241740508855,-1.8446134152613811
1239,12,0.7560441162063567,0.02,Not Significant,52.44973672779412,-1.8445976242129334
1240,7,0.3028483641560091,0.093,Not Significant,52.45423171163684,-1.844581828995924
1241,0,0.1436174242464274,0.025,Not Significant,52.45872669203717,-1.844566029608886
1242,10,0.5539433078595801,0.041,Not Significant,52.46322166899528,-1.8445502260503541
1243,15,1.0500089283471228,0.008,Not Significant,52.46771664251131,-1.8445344183188583
1244,12,1.154121465980311,0.002,Not Significant,52.47221161258541,-1.8445186064129313
1245,50,2.5749513913273474,0.028,Hot Spot - 95% confidence,52.476706579217726,-1.8445027903311026
1246,4,0.4559550371459914,0.011,Not Significant,52.48120154240838,-1.8444869700719049
1247,7,0.5968131762967751,0.011,Not Significant,52.48569650215758,-1.8444711456338654
1248,33,1.8890334963322262,0.011,Hot Spot - 90% confidence,52.49019145846542,-1.8444553170155122
1249,22,1.3256009397290913,0.013,Not Significant,52.49468641133208,-1.8444394842153746
1250,1,0.07012622121123584,0.062,Not Significant,52.49918136075771,-1.84442364723198
1251,9,0.41920943562839563,0.081,Not Significant,52.50367630674244,-1.844407806063854
1252,18,1.196991334417506,0.008,Not Significant,52.508171249286455,-1.8443919607095236
1253,5,0.7805411838847539,0.002,Not Significant,52.51266618838986,-1.8443761111675119
1254,17,1.5154532142366692,0.001,Not Significant,52.51716112405284,-1.8443602574363458
1255,55,3.1200111471716845,0.005,Hot Spot - 99% confidence,52.52165605627551,-1.8443443995145474
1256,21,1.4909561465582721,0.004,Not Significant,52.52615098505806,-1.8443285374006402
1257,13,0.7744169169651548,0.028,Not Significant,52.53064591040064,-1.8443126710931463
1258,7,0.15586595808562598,0.247,Not Significant,52.53514083230337,-1.844296800590587
1259,5,0.0027592850956436495,0.343,Not Significant,52.5396357507664,-1.8442809258914838
1260,3,-0.10747751945714366,0.369,Not Significant,52.544130665789915,-1.8442650469943562
1261,11,0.28447556339721114,0.369,Not Significant,52.54862557737404,-1.8442491638977236
1262,19,0.5845646424575767,0.418,Not Significant,52.55312048551893,-1.8442332766001053
1263,0,-0.3585724631607147,0.389,Not Significant,52.557615390224754,-1.8442173851000188
1264,0,-0.4994306023114985,0.055,Not Significant,52.562110291491614,-1.8442014893959817
1265,0,-0.5545490045878921,0.001,Not Significant,52.56660518931973,-1.8441855894865105
1266,0,-0.5545490045878921,0.001,Not Significant,52.5711000837092,-1.844169685370121
1267,0,-0.5545490045878921,0.001,Not Significant,52.575594974660184,-1.844153777045328
1268,0,-0.5361762038290944,0.014,Not Significant,52.58008986217284,-1.844137864510646
1269,1,-0.46268500079390273,0.039,Not Significant,52.58458474624733,-1.844121947764589
1270,1,-0.4381879331155056,0.074,Not Significant,52.589079626883816,-1.84410602680567
1271,1,-0.4381879331155056,0.074,Not Significant,52.59357450408238,-1.8440901016324005
1272,1,-0.45656073387430346,0.047,Not Significant,52.59806937784325,-1.8440741722432934
1273,0,-0.5055548692310977,0.115,Not Significant,52.60256424816656,-1.8440582386368582
1274,0,-0.5545490045878921,0.001,Not Significant,52.38679673662276,-1.8374718126676022
1275,0,-0.5545490045878921,0.001,Not Significant,52.39129176708464,-1.8374553294048446
1276,0,-0.5545490045878921,0.001,Not Significant,52.39578679410176,-1.8374388417957723
1277,0,-0.5545490045878921,0.001,Not Significant,52.40028181767423,-1.837422349838858
1278,0,-0.5484247376682929,0.006,Not Significant,52.40477683780221,-1.8374058535325748
1279,0,-0.5239276699898957,0.024,Not Significant,52.409271854485866,-1.8373893528753955
1280,0,-0.48718206847229995,0.074,Not Significant,52.41376686772531,-1.8373728478657905
1281,4,-0.13197458713554086,0.459,Not Significant,52.418261877520735,-1.8373563385022318
1282,24,0.9397721237943357,0.324,Not Significant,52.42275688387225,-1.8373398247831887
1283,5,0.2538542287992147,0.063,Not Significant,52.42725188678,-1.8373233067071286
1284,7,0.4559550371459914,0.029,Not Significant,52.431746886244184,-1.837306784272524
1285,12,0.6764286462515661,0.031,Not Significant,52.436241882264916,-1.8372902574778396
1286,10,0.8111625184827504,0.01,Not Significant,52.44073687484234,-1.8372737263215437
1287,24,1.3868436089250842,0.018,Not Significant,52.445231863976616,-1.8372571908021018
1288,10,0.884653721517942,0.005,Not Significant,52.44972684966788,-1.83724065091798
1289,29,1.3745950750858855,0.095,Not Significant,52.45422183191629,-1.8372241066676425
1290,6,0.42533370254799485,0.027,Not Significant,52.45871681072201,-1.8372075580495544
1291,33,1.466459078879875,0.196,Not Significant,52.46321178608516,-1.837191005062178
1292,13,0.8111625184827504,0.02,Not Significant,52.46770675800589,-1.8371744477039766
1293,9,0.7499198492867576,0.009,Not Significant,52.472201726484386,-1.8371578859734115
1294,15,1.0193875937491266,0.01,Not Significant,52.47669669152076,-1.837141319868945
1295,11,0.9091507891963392,0.006,Not Significant,52.481191653115175,-1.8371247493890364
1296,12,0.8601566538395448,0.011,Not Significant,52.48568661126778,-1.8371081745321454
1297,5,0.7131742477691617,0.004,Not Significant,52.49018156597873,-1.837091595296731
1298,15,0.98876625915113,0.011,Not Significant,52.494676517248166,-1.8370750116812509
1299,12,0.8295353192415482,0.013,Not Significant,52.499171465076245,-1.837058423684163
1300,3,0.41920943562839563,0.011,Not Significant,52.50366640946311,-1.837041831303925
1301,20,1.2949796051310947,0.009,Not Significant,52.5081613504089,-1.8370252345389908
1302,35,1.9564004324478186,0.013,Hot Spot - 90% confidence,52.51265628791378,-1.8370086333878166
1303,28,1.7236782895030456,0.007,Hot Spot - 90% confidence,52.51715122197792,-1.8369920278488578
1304,14,1.2031156013371054,0.003,Not Significant,52.521646152601406,-1.836975417920566
1305,39,2.1462527069553965,0.014,Hot Spot - 95% confidence,52.526141079784466,-1.836958803601396
1306,13,0.9765177253119314,0.009,Not Significant,52.53063600352721,-1.8369421848897987
1307,15,0.7254227816083604,0.072,Not Significant,52.53513092382978,-1.8369255617842264
1308,2,0.04562915353283866,0.101,Not Significant,52.53962584069234,-1.8369089342831293
1309,7,-0.015613515663154295,0.385,Not Significant,52.544120754115056,-1.8368923023849577
1310,4,-0.027862049502352885,0.311,Not Significant,52.54861566409803,-1.8368756660881609
1311,2,-0.06460765101994866,0.219,Not Significant,52.55311057064149,-1.8368590253911867
1312,9,0.15586595808562598,0.443,Not Significant,52.557605473745525,-1.8368423802924831
1313,0,-0.38919379775871127,0.305,Not Significant,52.56210037341028,-1.836825730790498
1314,0,-0.5116791361506972,0.039,Not Significant,52.56659526963595,-1.836809076883677
1315,0,-0.5239276699898957,0.024,Not Significant,52.57109016242265,-1.8367924185704647
1316,0,-0.5178034030702964,0.03,Not Significant,52.575585051770574,-1.836775755849307
1317,0,-0.4933063353918992,0.064,Not Significant,52.5800799376798,-1.8367590887186467
1318,2,-0.3340753954823175,0.189,Not Significant,52.58457482015055,-1.836742417176928
1319,2,-0.3340753954823175,0.189,Not Significant,52.58906969918295,-1.8367257412225935
1320,3,-0.2973297939647218,0.161,Not Significant,52.593564574777155,-1.8367090608540841
1321,2,-0.4198151323567077,0.03,Not Significant,52.598059446933284,-1.8366923760698408
1322,1,-0.4761583880170211,0.075,Not Significant,52.602554315651545,-1.836675686868305
1323,0,-0.5545490045878921,0.001,Not Significant,52.386786424227104,-1.8301253094620098
1324,0,-0.5545490045878921,0.001,Not Significant,52.39128145302557,-1.8301080799282876
1325,0,-0.5545490045878921,0.001,Not Significant,52.395776478378906,-1.8300908458514984
1326,0,-0.5545490045878921,0.001,Not Significant,52.40027150028728,-1.830073607230046
1327,0,-0.5545490045878921,0.001,Not Significant,52.40476651875084,-1.8300563640623353
1328,0,-0.5545490045878921,0.001,Not Significant,52.40926153376971,-1.8300391163467682
1329,0,-0.5178034030702964,0.03,Not Significant,52.413756545344064,-1.8300218640817478
1330,2,-0.2667084593667253,0.369,Not Significant,52.41825155347403,-1.830004607265675
1331,3,-0.1870929894119345,0.441,Not Significant,52.42274655815975,-1.8299873458969507
1332,1,-0.1993415232511331,0.36,Not Significant,52.42724155940139,-1.8299700799739749
1333,6,0.015007818934842241,0.429,Not Significant,52.431736557199116,-1.8299528094951472
1334,10,0.44983077022639206,0.092,Not Significant,52.436231551553036,-1.8299355344588646
1335,13,0.9826419922315307,0.008,Not Significant,52.44072654246333,-1.829918254863527
1336,24,1.5583230826738643,0.006,Not Significant,52.445221529930116,-1.829900970707529
1337,24,1.6195657518698574,0.005,Not Significant,52.44971651395358,-1.8298836819892688
1338,20,1.1112515975431159,0.025,Not Significant,52.454211494533844,-1.8298663887071398
1339,4,0.5600675747791795,0.006,Not Significant,52.45870647167108,-1.8298490908595373
1340,9,0.6886771800907645,0.013,Not Significant,52.46320144536539,-1.8298317884448543
1341,9,0.7254227816083604,0.011,Not Significant,52.467696415616956,-1.8298144814614858
1342,22,1.0438846614275235,0.085,Not Significant,52.47219138242594,-1.8297971699078224
1343,5,0.41920943562839563,0.019,Not Significant,52.47668634579248,-1.8297798537822556
1344,24,1.3868436089250842,0.017,Not Significant,52.4811813057167,-1.8297625330831775
1345,34,1.85841216173423,0.019,Hot Spot - 90% confidence,52.48567626219878,-1.8297452078089764
1346,17,1.154121465980311,0.009,Not Significant,52.49017121523887,-1.8297278779580417
1347,27,1.4970804134778715,0.019,Not Significant,52.49466616483711,-1.8297105435287615
1348,15,1.0438846614275235,0.009,Not Significant,52.499161110993654,-1.829693204519525
1349,38,1.9992703008850137,0.025,Hot Spot - 95% confidence,52.503656053708596,-1.8296758609287176
1350,22,1.3745950750858855,0.009,Not Significant,52.5081509929822,-1.8296585127547258
1351,12,1.0622574621863217,0.003,Not Significant,52.51264592881453,-1.8296411599959344
1352,8,0.6458073116535695,0.012,Not Significant,52.51714086120573,-1.8296238026507279
1353,2,0.3150968979952077,0.016,Not Significant,52.52163579015602,-1.8296064407174915
1354,5,0.21710862728161892,0.079,Not Significant,52.526130715665495,-1.8295890741946061
1355,6,0.5110734394223851,0.016,Not Significant,52.53062563773431,-1.8295717030804537
1356,40,1.7298025564226445,0.318,Not Significant,52.535120556362614,-1.829554327373418
1357,3,0.05787768737203725,0.132,Not Significant,52.539615471550576,-1.829536947071877
1358,2,-0.30345406088432114,0.275,Not Significant,52.544110383298346,-1.829519562174212
1359,2,-0.2544599255275268,0.395,Not Significant,52.54860529160604,-1.8295021726788019
1360,8,0.08237475505043443,0.499,Not Significant,52.55310019647387,-1.8294847785840256
1361,11,0.2967240972364097,0.347,Not Significant,52.55759509790193,-1.829467379888258
1362,4,0.0027592850956436495,0.26,Not Significant,52.56208999589039,-1.8294499765898782
1363,3,-0.12585032021594156,0.421,Not Significant,52.56658489043939,-1.8294325686872612
1364,0,-0.37694526391951266,0.337,Not Significant,52.57107978154911,-1.829415156178781
1365,2,-0.3401996624019169,0.176,Not Significant,52.57557466921969,-1.829397739062814
1366,4,-0.2973297939647218,0.065,Not Significant,52.58006955345127,-1.8293803173377332
1367,1,-0.3524481962411155,0.275,Not Significant,52.584564434244,-1.829362891001911
1368,11,0.0640019542916366,0.095,Not Significant,52.58905931159804,-1.8293454600537187
1369,0,-0.4198151323567077,0.225,Not Significant,52.59355418551354,-1.829328024491528
1370,0,-0.5116791361506972,0.038,Not Significant,52.598049055990636,-1.8293105843137103
1371,0,-0.5251525233738153,0.072,Not Significant,52.6025439230295,-1.8292931395186327
1372,0,-0.5545490045878921,0.001,Not Significant,52.386775655276196,-1.8227788107979181
1373,0,-0.5545490045878921,0.001,Not Significant,52.3912706823376,-1.8227608349948254
1374,0,-0.5545490045878921,0.001,Not Significant,52.39576570595353,-1.8227428544519142
1375,0,-0.5545490045878921,0.001,Not Significant,52.40026072612415,-1.8227248691675209
1376,0,-0.5545490045878921,0.001,Not Significant,52.404755742849595,-1.8227068791399788
1377,0,-0.5545490045878921,0.001,Not Significant,52.40925075613,-1.8226888843676226
1378,0,-0.5423004707486936,0.009,Not Significant,52.41374576596553,-1.8226708848487836
1379,0,-0.5239276699898957,0.022,Not Significant,52.41824077235633,-1.8226528805817972
1380,0,-0.5178034030702964,0.029,Not Significant,52.422735775302534,-1.8226348715649916
1381,0,-0.4381879331155056,0.173,Not Significant,52.42723077480432,-1.8226168577967004
1382,5,-0.14422312097473944,0.306,Not Significant,52.431725770861796,-1.8225988392752512
1383,5,0.11299608964843086,0.175,Not Significant,52.43622076347517,-1.8225808159989745
1384,26,1.3990921427642828,0.027,Not Significant,52.440715752644515,-1.8225627879661976
1385,36,1.9564004324478186,0.018,Hot Spot - 90% confidence,52.445210738370015,-1.8225447551752478
1386,10,0.7927897177239526,0.009,Not Significant,52.449705720651856,-1.8225267176244528
1387,10,0.4620793040655906,0.082,Not Significant,52.454200699490116,-1.8225086753121365
1388,19,0.98876625915113,0.045,Not Significant,52.45869567488499,-1.8224906282366258
1389,24,1.2214884020959031,0.05,Not Significant,52.46319064683661,-1.822472576396245
1390,23,1.2276126690155025,0.03,Not Significant,52.46768561534515,-1.8224545197893172
1391,4,0.27835129647761186,0.032,Not Significant,52.47218058041073,-1.822436458414163
1392,7,0.5049491725027858,0.019,Not Significant,52.47667554203349,-1.8224183922691064
1393,27,1.5032046803974706,0.019,Not Significant,52.481170500213615,-1.8224003213524673
1394,14,1.117375864462715,0.005,Not Significant,52.48566545495123,-1.8223822456625673
1395,12,1.1296243983019139,0.003,Not Significant,52.490160406246495,-1.8223641651977245
1396,24,1.570571616513063,0.005,Not Significant,52.494655354099564,-1.8223460799562576
1397,19,1.2521097366938998,0.009,Not Significant,52.499150298510564,-1.8223279899364846
1398,3,0.41920943562839563,0.012,Not Significant,52.50364523947965,-1.8223098951367223
1399,19,0.9703934583923323,0.054,Not Significant,52.508140177007,-1.8222917955552873
1400,9,0.49882490558318643,0.045,Not Significant,52.51263511109271,-1.8222736911904935
1401,27,1.0622574621863217,0.387,Not Significant,52.517130041737,-1.8222555820406572
1402,5,0.07012622121123584,0.235,Not Significant,52.52162496893995,-1.8222374681040914
1403,0,-0.3095783278039204,0.494,Not Significant,52.52611989270177,-1.8222193493791086
1404,7,0.21710862728161892,0.17,Not Significant,52.530614813022574,-1.8222012258640208
1405,7,0.15586595808562598,0.254,Not Significant,52.53510972990251,-1.8221830975571403
1406,0,-0.2054657901707324,0.282,Not Significant,52.53960464334174,-1.822164964456776
1407,3,-0.28508126012552326,0.187,Not Significant,52.54409955334042,-1.822146826561239
1408,4,-0.1870929894119345,0.316,Not Significant,52.5485944598987,-1.8221286838688378
1409,3,-0.15034738789433874,0.483,Not Significant,52.55308936301672,-1.822110536377879
1410,5,0.03338061969364007,0.293,Not Significant,52.557584262694625,-1.822092384086672
1411,20,0.7009257139299632,0.437,Not Significant,52.562079158932576,-1.8220742269935215
1412,11,0.27222702955801253,0.405,Not Significant,52.56657405173073,-1.822056065096734
1413,11,0.1191203565680302,0.225,Not Significant,52.571068941089216,-1.8220378983946124
1414,2,-0.3279511285627183,0.204,Not Significant,52.57556382700822,-1.822019726885463
1415,2,-0.3830695308391119,0.083,Not Significant,52.58005870948786,-1.8220015505675884
1416,1,-0.37082099699991333,0.223,Not Significant,52.58455358852831,-1.82198336943929
1417,3,-0.3157025947235197,0.107,Not Significant,52.58904846412968,-1.8219651834988693
1418,1,-0.4136908654371084,0.107,Not Significant,52.593543336292164,-1.8219469927446268
1419,0,-0.5484247376682929,0.006,Not Significant,52.59803820501592,-1.821928797174864
1420,0,-0.554549004587892,0.001,Not Significant,52.602533070301064,-1.8219105967878781
1421,0,-0.5545490045878921,0.001,Not Significant,52.386764429770665,-1.815432316872007
1422,0,-0.5545490045878921,0.001,Not Significant,52.391259455021384,-1.8154135948012085
1423,0,-0.5545490045878921,0.001,Not Significant,52.395754476826276,-1.8153948677938405
1424,0,-0.5545490045878921,0.001,Not Significant,52.40024949518547,-1.8153761358481706
1425,0,-0.5545490045878921,0.001,Not Significant,52.40474451009913,-1.8153573989624636
1426,0,-0.5545490045878921,0.001,Not Significant,52.40923952156739,-1.8153386571349843
1427,0,-0.5545490045878921,0.001,Not Significant,52.4137345295904,-1.8153199103639965
1428,0,-0.5545490045878921,0.001,Not Significant,52.41822953416831,-1.8153011586477639
1429,0,-0.5545490045878921,0.001,Not Significant,52.42272453530126,-1.8152824019845477
1430,0,-0.4994306023114985,0.055,Not Significant,52.42721953298942,-1.8152636403726103
1431,4,-0.29120552704512254,0.072,Not Significant,52.43171452723291,-1.8152448738102107
1432,1,-0.23608712476872887,0.454,Not Significant,52.436209518031916,-1.8152261022956104
1433,4,0.18036302576402316,0.078,Not Significant,52.440704505386556,-1.8152073258270676
1434,18,0.841783853080747,0.095,Not Significant,52.44519948929697,-1.8151885444028388
1435,3,0.1313688904072288,0.079,Not Significant,52.44969446976334,-1.8151697580211832
1436,5,0.0027592850956436495,0.349,Not Significant,52.454189446785776,-1.8151509666803565
1437,1,0.1742387588444238,0.028,Not Significant,52.45868442036446,-1.815132170378614
1438,27,1.5766958834326623,0.012,Not Significant,52.463179390499526,-1.81511336911421
1439,6,0.7009257139299632,0.005,Not Significant,52.46767435719111,-1.8150945628853983
1440,6,0.5416947740203815,0.012,Not Significant,52.47216932043938,-1.8150757516904328
1441,26,1.2459854697743002,0.084,Not Significant,52.476664280244485,-1.8150569355275652
1442,3,0.49270063866358704,0.007,Not Significant,52.48115923660655,-1.8150381143950467
1443,7,0.7254227816083604,0.006,Not Significant,52.485654189525775,-1.8150192882911282
1444,37,2.054388703161407,0.011,Hot Spot - 95% confidence,52.49014913900225,-1.8150004572140577
1445,19,1.1479971990607116,0.018,Not Significant,52.49464408503617,-1.8149816211620864
1446,9,0.4620793040655906,0.068,Not Significant,52.49913902762764,-1.8149627801334598
1447,8,0.3212211649148069,0.117,Not Significant,52.50363396677685,-1.8149439341264268
1448,5,0.03338061969364007,0.295,Not Significant,52.508128902483925,-1.8149250831392327
1449,0,-0.04011058334155147,0.098,Not Significant,52.51262383474903,-1.8149062271701235
1450,7,0.21710862728161892,0.172,Not Significant,52.51711876357232,-1.8148873662173426
1451,5,0.1191203565680302,0.172,Not Significant,52.521613688953906,-1.8148685002791356
1452,8,0.0762504881308352,0.474,Not Significant,52.52610861089397,-1.8148496293537426
1453,2,-0.27895699320592393,0.334,Not Significant,52.53060352939268,-1.8148307534394084
1454,2,-0.3585724631607147,0.128,Not Significant,52.535098444450135,-1.8148118725343727
1455,0,-0.4810578015527006,0.081,Not Significant,52.539593356066504,-1.8147929866368762
1456,0,-0.45656073387430346,0.128,Not Significant,52.54408826424197,-1.8147740957451572
1457,9,-0.04623485026115077,0.07,Not Significant,52.54858316897664,-1.8147551998574565
1458,1,-0.36469673008031406,0.241,Not Significant,52.553078070270715,-1.8147362989720106
1459,2,-0.2238385909295303,0.456,Not Significant,52.557572968124276,-1.814717393087056
1460,7,0.07012622121123584,0.423,Not Significant,52.56206786253751,-1.8146984822008299
1461,2,-0.11360178637674297,0.294,Not Significant,52.566562753510595,-1.8146795663115656
1462,0,-0.3340753954823175,0.44,Not Significant,52.57105764104364,-1.8146606454175003
1463,2,-0.3401996624019169,0.176,Not Significant,52.575552525136814,-1.8146417195168654
1464,0,-0.48718206847229995,0.069,Not Significant,52.580047405790246,-1.8146227886078934
1465,0,-0.5055548692310978,0.047,Not Significant,52.58454228300411,-1.8146038526888173
1466,1,-0.46880926771350206,0.032,Not Significant,52.58903715677858,-1.8145849117578678
1467,0,-0.5239276699898957,0.026,Not Significant,52.593532027113746,-1.8145659658132745
1468,0,-0.5484247376682929,0.006,Not Significant,52.5980268940098,-1.814547014853267
1469,0,-0.554549004587892,0.001,Not Significant,52.60252175746689,-1.8145280588760737
1470,0,-0.5545490045878921,0.001,Not Significant,52.38675274771123,-1.8080858278809597
1471,0,-0.5545490045878921,0.001,Not Significant,52.39124777107763,-1.8080663595441868
1472,0,-0.5545490045878921,0.001,Not Significant,52.395742790997836,-1.8080468860740966
1473,0,-0.5545490045878921,0.001,Not Significant,52.40023780747196,-1.8080274074688842
1474,0,-0.5545490045878921,0.001,Not Significant,52.40473282050013,-1.8080079237267475
1475,0,-0.5545490045878921,0.001,Not Significant,52.40922783008256,-1.8079884348458815
1476,0,-0.5545490045878921,0.001,Not Significant,52.413722836219364,-1.8079689408244815
1477,0,-0.5545490045878921,0.001,Not Significant,52.418217838910664,-1.807949441660741
1478,0,-0.5545490045878921,0.001,Not Significant,52.422712838156635,-1.8079299373528526
1479,0,-0.530051936909495,0.02,Not Significant,52.42720783395741,-1.8079104278990084
1480,0,-0.5239276699898957,0.026,Not Significant,52.431702826313156,-1.8078909132973995
1481,0,-0.4994306023114985,0.055,Not Significant,52.436197815224034,-1.807871393546217
1482,0,-0.4014423315979099,0.268,Not Significant,52.44069280069014,-1.8078518686436487
1483,2,-0.28508126012552326,0.315,Not Significant,52.44518778271167,-1.8078323385878847
1484,3,-0.21159005709033168,0.381,Not Significant,52.449682761288734,-1.807812803377113
1485,4,-0.15647165481393804,0.394,Not Significant,52.45417773642151,-1.8077932630095186
1486,1,-0.015613515663154295,0.113,Not Significant,52.45867270811015,-1.807773717483289
1487,21,1.0561331952667223,0.062,Not Significant,52.46316767635477,-1.807754166796609
1488,37,1.7726724248598398,0.097,Hot Spot - 90% confidence,52.46766264115554,-1.8077346109476624
1489,15,0.8295353192415482,0.032,Not Significant,52.472157602512624,-1.8077150499346324
1490,13,0.5784403755379773,0.107,Not Significant,52.47665256042613,-1.8076954837557029
1491,11,0.6641801124123673,0.028,Not Significant,52.48114751489626,-1.8076759124090545
1492,42,1.962524699367418,0.139,Not Significant,52.48564246592311,-1.8076563358928668
1493,7,0.5416947740203815,0.019,Not Significant,52.49013741350684,-1.807636754205321
1494,5,0.36409103335200205,0.03,Not Significant,52.494632357647625,-1.8076171673445958
1495,13,0.572316108618378,0.111,Not Significant,52.49912729834561,-1.80759757530887
1496,3,0.0762504881308352,0.116,Not Significant,52.503622235600915,-1.807577978096319
1497,8,0.18036302576402316,0.295,Not Significant,52.50811716941373,-1.8075583757051212
1498,6,0.15586595808562598,0.192,Not Significant,52.51261209978417,-1.8075387681334514
1499,3,0.10687182272883161,0.096,Not Significant,52.517107026712395,-1.8075191553794825
1500,15,0.5906889093771758,0.201,Not Significant,52.521601950198566,-1.80749953744139
1501,5,-0.0033649818239557035,0.364,Not Significant,52.5260968702428,-1.8074799143173468
1502,0,-0.3830695308391119,0.314,Not Significant,52.5305917868453,-1.8074602860055244
1503,0,-0.4381879331155056,0.177,Not Significant,52.53508670000617,-1.807440652504093
1504,0,-0.46880926771350206,0.11,Not Significant,52.53958160972556,-1.807421013811224
1505,0,-0.4136908654371084,0.241,Not Significant,52.54407651600368,-1.8074013699250857
1506,0,-0.44431220003510485,0.165,Not Significant,52.5485714188406,-1.8073817208438478
1507,0,-0.4075665985175091,0.253,Not Significant,52.55306631823653,-1.8073620665656767
1508,0,-0.37694526391951266,0.331,Not Significant,52.557561214191594,-1.8073424070887396
1509,2,-0.26058419244712605,0.379,Not Significant,52.56205610670591,-1.8073227424112015
1510,4,-0.1993415232511331,0.289,Not Significant,52.56655099577969,-1.8073030725312285
1511,1,-0.4014423315979099,0.149,Not Significant,52.571045881413056,-1.8072833974469837
1512,3,-0.3463239293215161,0.063,Not Significant,52.57554076360616,-1.8072637171566301
1513,0,-0.48718206847229995,0.069,Not Significant,52.58003564235915,-1.807244031658331
1514,1,-0.46880926771350206,0.032,Not Significant,52.58453051767218,-1.8072243409502458
1515,0,-0.530051936909495,0.021,Not Significant,52.5890253895454,-1.8072046450305372
1516,0,-0.5361762038290944,0.013,Not Significant,52.59352025797895,-1.8071849438973628
1517,0,-0.5545490045878921,0.001,Not Significant,52.598015122972996,-1.8071652375488834
1518,0,-0.554549004587892,0.001,Not Significant,52.602509984527714,-1.8071455259832547
1519,0,-0.5545490045878921,0.001,Not Significant,52.386740609098595,-1.8007393440214559
1520,0,-0.5545490045878921,0.001,Not Significant,52.391235630507055,-1.8007191294205112
1521,0,-0.5545490045878921,0.001,Not Significant,52.39573064846891,-1.8006989094895005
1522,0,-0.5545490045878921,0.001,Not Significant,52.4002256629843,-1.80067868422655
1523,0,-0.5545490045878921,0.001,Not Significant,52.40472067405335,-1.8006584536297883
1524,0,-0.5545490045878921,0.001,Not Significant,52.409215681676244,-1.8006382176973412
1525,0,-0.5545490045878921,0.001,Not Significant,52.41371068585311,-1.8006179764273351
1526,0,-0.5545490045878921,0.001,Not Significant,52.41820568658409,-1.800597729817893
1527,0,-0.5545490045878921,0.001,Not Significant,52.42270068386935,-1.8005774778671397
1528,0,-0.5545490045878921,0.001,Not Significant,52.42719567770901,-1.8005572205731981
1529,0,-0.5545490045878921,0.001,Not Significant,52.43169066810324,-1.800536957934189
1530,0,-0.5545490045878921,0.001,Not Significant,52.43618565505219,-1.8005166899482339
1531,0,-0.5423004707486936,0.01,Not Significant,52.440680638556,-1.8004964166134538
1532,0,-0.5239276699898957,0.026,Not Significant,52.44517561861482,-1.8004761379279655
1533,0,-0.43206366619590625,0.19,Not Significant,52.44967059522879,-1.8004558538898905
1534,0,-0.27895699320592393,0.435,Not Significant,52.45416556839806,-1.8004355644973435
1535,20,0.7131742477691617,0.409,Not Significant,52.458660538122786,-1.8004152697484421
1536,2,0.12524462348762944,0.062,Not Significant,52.46315550440311,-1.8003949696413017
1537,1,0.05787768737203725,0.071,Not Significant,52.46765046723917,-1.8003746641740366
1538,6,0.35184249951280344,0.047,Not Significant,52.472145426631144,-1.8003543533447601
1539,11,0.5110734394223851,0.086,Not Significant,52.47664038257917,-1.8003340371515861
1540,3,0.4559550371459914,0.008,Not Significant,52.48113533508339,-1.8003137155926265
1541,6,0.41920943562839563,0.03,Not Significant,52.485630284143944,-1.800293388665991
1542,1,0.0762504881308352,0.06,Not Significant,52.490125229761,-1.8002730563697902
1543,6,0.12524462348762944,0.236,Not Significant,52.49462017193469,-1.8002527187021349
1544,18,0.6764286462515661,0.285,Not Significant,52.49911511066516,-1.8002323756611314
1545,12,0.49270063866358704,0.138,Not Significant,52.50361004595258,-1.8002120272448874
1546,6,0.11299608964843086,0.252,Not Significant,52.50810497779709,-1.8001916734515093
1547,16,0.6213102439751723,0.223,Not Significant,52.51259990619884,-1.8001713142791034
1548,23,0.9581449245531335,0.235,Not Significant,52.51709483115798,-1.8001509497257737
1549,12,0.406960901789197,0.251,Not Significant,52.52158975267464,-1.800130579789624
1550,4,-0.09522898561794507,0.465,Not Significant,52.526084670749,-1.8001102044687571
1551,4,-0.26058419244712605,0.138,Not Significant,52.5305795853812,-1.8000898237612752
1552,3,-0.3095783278039204,0.138,Not Significant,52.53507449657137,-1.8000694376652784
1553,8,-0.08910471869834578,0.087,Not Significant,52.53956940431967,-1.800049046178868
1554,1,-0.38919379775871127,0.181,Not Significant,52.54406430862626,-1.8000286493001418
1555,5,-0.24833565860792747,0.066,Not Significant,52.54855920949128,-1.800008247027199
1556,2,-0.36469673008031406,0.117,Not Significant,52.55305410691492,-1.799987839358136
1557,5,-0.15034738789433874,0.288,Not Significant,52.55754900089726,-1.79996742629105
1558,10,0.10687182272883161,0.311,Not Significant,52.56204389143849,-1.7999470078240363
1559,2,-0.26058419244712605,0.379,Not Significant,52.566538778538764,-1.7999265839551901
1560,2,-0.3524481962411155,0.152,Not Significant,52.57103366219822,-1.7999061546826027
1561,2,-0.4014423315979099,0.058,Not Significant,52.575528542417004,-1.7998857200043685
1562,3,-0.37082099699991333,0.032,Not Significant,52.580023419195285,-1.79986527991858
1563,0,-0.5178034030702964,0.032,Not Significant,52.58451829253319,-1.7998448344233264
1564,2,-0.4504364669547042,0.006,Not Significant,52.58901316243089,-1.7998243835166992
1565,0,-0.5423004707486936,0.01,Not Significant,52.593508028888536,-1.7998039271967856
1566,0,-0.5545490045878921,0.001,Not Significant,52.598002891906255,-1.799783465461675
1567,0,-0.554549004587892,0.001,Not Significant,52.602497751484215,-1.7997629983094545
1568,0,-0.5545490045878921,0.001,Not Significant,52.38672801393351,-1.7933928654901752
1569,0,-0.5545490045878921,0.001,Not Significant,52.391223033310396,-1.7933719046269299
1570,0,-0.5545490045878921,0.001,Not Significant,52.39571804924027,-1.7933509382368704
1571,0,-0.5545490045878921,0.001,Not Significant,52.40021306172327,-1.7933299663180537
1572,0,-0.5545490045878921,0.001,Not Significant,52.40470807075952,-1.7933089888685414
1573,0,-0.5545490045878921,0.001,Not Significant,52.40920307634919,-1.793288005886388
1574,0,-0.5545490045878921,0.001,Not Significant,52.41369807849242,-1.7932670173696503
1575,0,-0.5545490045878921,0.001,Not Significant,52.418193077189365,-1.7932460233163836
1576,0,-0.5545490045878921,0.001,Not Significant,52.42268807244017,-1.7932250237246428
1577,0,-0.5545490045878921,0.001,Not Significant,52.427183064244964,-1.7932040185924811
1578,0,-0.5545490045878921,0.001,Not Significant,52.431678052603914,-1.793183007917951
1579,0,-0.5545490045878921,0.001,Not Significant,52.436173037517186,-1.793161991699105
1580,0,-0.5545490045878921,0.001,Not Significant,52.440668018984894,-1.7931409699339926
1581,0,-0.530051936909495,0.022,Not Significant,52.445162997007166,-1.7931199426206632
1582,0,-0.3830695308391119,0.311,Not Significant,52.449657971584216,-1.7930989097571666
1583,11,0.27222702955801253,0.41,Not Significant,52.454152942716156,-1.7930778713415505
1584,6,0.1313688904072288,0.223,Not Significant,52.4586479104031,-1.793056827371862
1585,2,-0.10747751945714366,0.285,Not Significant,52.463142874645264,-1.7930357778461459
1586,7,0.04562915353283866,0.48,Not Significant,52.46763783544276,-1.793014722762448
1587,2,-0.09522898561794507,0.265,Not Significant,52.472132792795726,-1.7929936621188125
1588,14,0.5355705071007822,0.207,Not Significant,52.476627746704345,-1.7929725959132832
1589,22,0.9826419922315307,0.133,Not Significant,52.481122697168736,-1.7929515241439002
1590,22,0.8479081200003463,0.329,Not Significant,52.48561764418905,-1.7929304468087073
1591,3,-0.08910471869834578,0.344,Not Significant,52.49011258776544,-1.7929093639057425
1592,4,-0.052359117180750064,0.369,Not Significant,52.49460752789809,-1.7928882754330482
1593,12,0.34571823259320406,0.355,Not Significant,52.49910246458707,-1.7928671813886599
1594,2,-0.015613515663154295,0.151,Not Significant,52.503597397832586,-1.7928460817706156
1595,13,0.33959396567360484,0.48,Not Significant,52.50809232763478,-1.7928249765769524
1596,1,-0.05848338410034936,0.148,Not Significant,52.512587253993814,-1.7928038658057064
1597,4,0.07012622121123584,0.167,Not Significant,52.517082176909796,-1.7927827494549116
1598,6,0.1313688904072288,0.224,Not Significant,52.52157709638289,-1.792761627522602
1599,1,-0.26058419244712605,0.491,Not Significant,52.52607201241328,-1.7927405000068102
1600,0,-0.3830695308391119,0.314,Not Significant,52.53056692500109,-1.7927193669055668
1601,3,-0.27895699320592393,0.211,Not Significant,52.535061834146454,-1.792698228216905
1602,1,-0.36469673008031406,0.243,Not Significant,52.53955673984954,-1.792677083938854
1603,4,-0.2544599255275268,0.156,Not Significant,52.54405164211051,-1.792655934069442
1604,1,-0.4136908654371084,0.12,Not Significant,52.548546540929465,-1.7926347786066967
1605,2,-0.3401996624019169,0.185,Not Significant,52.55304143630662,-1.792613617548646
1606,2,-0.24833565860792747,0.407,Not Significant,52.55753632824208,-1.7925924508933158
1607,8,0.03950488661323942,0.392,Not Significant,52.56203121673599,-1.7925712786387318
1608,5,-0.13809885405514014,0.314,Not Significant,52.56652610178855,-1.7925501007829172
1609,0,-0.47493353463310134,0.103,Not Significant,52.57102098339987,-1.7925289173238954
1610,0,-0.5116791361506972,0.041,Not Significant,52.57551586157009,-1.7925077282596897
1611,0,-0.5239276699898957,0.025,Not Significant,52.580010736299386,-1.7924865335883202
1612,0,-0.5178034030702964,0.031,Not Significant,52.584505607587914,-1.7924653333078084
1613,0,-0.5361762038290944,0.013,Not Significant,52.58900047543581,-1.792444127416172
1614,0,-0.5361762038290944,0.013,Not Significant,52.59349533984321,-1.7924229159114318
1615,0,-0.5545490045878921,0.001,Not Significant,52.59799020081029,-1.792401698791604
1616,0,-0.554549004587892,0.001,Not Significant,52.60248505833721,-1.792380476054705
1617,0,-0.5545490045878921,0.001,Not Significant,52.38671496221673,-1.7860463924837964
1618,0,-0.5545490045878921,0.001,Not Significant,52.39120997948842,-1.78602468536019
1619,0,-0.5545490045878921,0.001,Not Significant,52.39570499331267,-1.7860029725130229
1620,0,-0.5545490045878921,0.001,Not Significant,52.40020000368961,-1.785981253940284
1621,0,-0.5545490045878921,0.001,Not Significant,52.40469501061939,-1.7859595296399615
1622,0,-0.5545490045878921,0.001,Not Significant,52.409190014102144,-1.7859377996100447
1623,0,-0.5545490045878921,0.001,Not Significant,52.41368501413806,-1.785916063848521
1624,0,-0.5545490045878921,0.001,Not Significant,52.41818001072723,-1.7858943223533759
1625,0,-0.5545490045878921,0.001,Not Significant,52.422675003869855,-1.7858725751225943
1626,0,-0.5545490045878921,0.001,Not Significant,52.42716999356605,-1.7858508221541605
1627,0,-0.5545490045878921,0.001,Not Significant,52.43166497981595,-1.785829063446058
1628,0,-0.5545490045878921,0.001,Not Significant,52.43615996261974,-1.785807298996269
1629,0,-0.5545490045878921,0.001,Not Significant,52.44065494197754,-1.7857855288027746
1630,0,-0.4136908654371084,0.243,Not Significant,52.44514991788951,-1.7857637528635548
1631,4,-0.04011058334155147,0.344,Not Significant,52.4496448903558,-1.7857419711765898
1632,13,0.46820357098519,0.236,Not Significant,52.454139859376546,-1.7857201837398575
1633,4,0.11299608964843086,0.123,Not Significant,52.458634824951915,-1.7856983905513353
1634,12,0.38246383411079987,0.282,Not Significant,52.46312978708204,-1.7856765916089992
1635,5,0.05787768737203725,0.262,Not Significant,52.467624745767054,-1.7856547869108246
1636,12,0.33959396567360484,0.373,Not Significant,52.47211970100715,-1.7856329764547867
1637,3,0.22323289420121817,0.037,Not Significant,52.47661465280242,-1.7856111602388587
1638,7,0.5416947740203815,0.019,Not Significant,52.48110960115306,-1.7855893382610135
1639,9,0.5355705071007822,0.033,Not Significant,52.4856045460592,-1.7855675105192215
1640,2,-0.06460765101994866,0.224,Not Significant,52.49009948752097,-1.7855456770114544
1641,2,-0.17484445557273592,0.43,Not Significant,52.494594425538565,-1.7855238377356812
1642,6,-0.04623485026115077,0.414,Not Significant,52.49908936011209,-1.78550199268987
1643,1,-0.2544599255275268,0.5,Not Significant,52.50358429124171,-1.7854801418719897
1644,4,-0.24833565860792747,0.169,Not Significant,52.50807921892757,-1.7854582852800067
1645,0,-0.37082099699991333,0.348,Not Significant,52.51257414316983,-1.7854364229118858
1646,7,-0.09522898561794507,0.184,Not Significant,52.517069063968634,-1.7854145547655922
1647,5,-0.11972605329634226,0.361,Not Significant,52.52156398132412,-1.7853926808390888
1648,8,0.07012622121123584,0.446,Not Significant,52.526058895236446,-1.7853708011303397
1649,1,-0.26058419244712605,0.489,Not Significant,52.530553805705765,-1.7853489156373066
1650,4,-0.1993415232511331,0.288,Not Significant,52.53504871273222,-1.7853270243579493
1651,0,-0.47493353463310134,0.098,Not Significant,52.53954361631596,-1.7853051272902278
1652,0,-0.5055548692310978,0.047,Not Significant,52.544038516457135,-1.785283224432101
1653,1,-0.4504364669547042,0.057,Not Significant,52.54853341315591,-1.785261315781527
1654,0,-0.48718206847229995,0.07,Not Significant,52.55302830641241,-1.7852394013364628
1655,3,-0.30345406088432114,0.148,Not Significant,52.55752319622681,-1.7852174810948633
1656,4,-0.2238385909295303,0.229,Not Significant,52.56201808259924,-1.7851955550546839
1657,2,-0.3401996624019169,0.183,Not Significant,52.56651296552983,-1.7851736232138786
1658,0,-0.4933063353918992,0.064,Not Significant,52.571007845018784,-1.7851516855704
1659,0,-0.5484247376682929,0.006,Not Significant,52.57550272106621,-1.7851297421222005
1660,0,-0.5484247376682929,0.006,Not Significant,52.579997593672275,-1.7851077928672308
1661,0,-0.5484247376682929,0.006,Not Significant,52.58449246283714,-1.7850858378034404
1662,1,-0.5055548692310978,0.001,Not Significant,52.58898732856093,-1.7850638769287788
1663,0,-0.5484247376682929,0.006,Not Significant,52.593482190843815,-1.785041910241193
1664,0,-0.5545490045878921,0.001,Not Significant,52.597977049685916,-1.7850199377386315
1665,0,-0.554549004587892,0.001,Not Significant,52.60247190508741,-1.7849979594190386
1666,0,-0.5545490045878921,0.001,Not Significant,52.38670145394907,-1.7786999251989977
1667,0,-0.5545490045878921,0.001,Not Significant,52.39119646904195,-1.7786774718170397
1668,0,-0.5545490045878921,0.001,Not Significant,52.39569148068693,-1.7786550125147744
1669,0,-0.5545490045878921,0.001,Not Significant,52.40018648888416,-1.778632547290122
1670,0,-0.5545490045878921,0.001,Not Significant,52.40468149363378,-1.7786100761410033
1671,0,-0.5545490045878921,0.001,Not Significant,52.40917649493594,-1.778587599065337
1672,0,-0.5545490045878921,0.001,Not Significant,52.41367149279082,-1.7785651160610405
1673,0,-0.5545490045878921,0.001,Not Significant,52.418166487198526,-1.7785426271260312
1674,0,-0.5545490045878921,0.001,Not Significant,52.42266147815921,-1.778520132258224
1675,0,-0.5545490045878921,0.001,Not Significant,52.42715646567305,-1.7784976314555356
1676,0,-0.5545490045878921,0.001,Not Significant,52.43165144974016,-1.7784751247158785
1677,0,-0.5545490045878921,0.001,Not Significant,52.4361464303607,-1.7784526120371653
1678,0,-0.5545490045878921,0.001,Not Significant,52.44064140753481,-1.778430093417309
1679,0,-0.38919379775871127,0.299,Not Significant,52.44513638126265,-1.7784075688542198
1680,19,0.5784403755379773,0.385,Not Significant,52.44963135154436,-1.7783850383458075
1681,9,0.2416056949600161,0.267,Not Significant,52.4541263183801,-1.7783625018899811
1682,10,0.28447556339721114,0.281,Not Significant,52.45862128177,-1.7783399594846485
1683,14,0.4620793040655906,0.31,Not Significant,52.4631162417142,-1.7783174111277171
1684,9,0.2538542287992147,0.26,Not Significant,52.46761119821288,-1.7782948568170922
1685,2,-0.12585032021594156,0.312,Not Significant,52.47210615126618,-1.778272296550678
1686,8,0.3763395671912006,0.086,Not Significant,52.476601100874234,-1.7782497303263793
1687,36,1.59506868419146,0.234,Not Significant,52.481096047037184,-1.7782271581420994
1688,9,0.3947123679499984,0.101,Not Significant,52.485590989755195,-1.7782045799957384
1689,5,-0.07073191793954796,0.464,Not Significant,52.490085929028396,-1.7781819958851979
1690,10,0.11299608964843086,0.329,Not Significant,52.49458086485697,-1.7781594058083787
1691,4,-0.16872018865313662,0.361,Not Significant,52.499075797241034,-1.778136809763178
1692,0,-0.42593939927630703,0.211,Not Significant,52.503570726180776,-1.7781142077474945
1693,0,-0.4810578015527006,0.085,Not Significant,52.508065651676276,-1.7780915997592246
1694,1,-0.4136908654371084,0.117,Not Significant,52.51256057372775,-1.7780689857962648
1695,0,-0.4381879331155056,0.182,Not Significant,52.51705549233532,-1.7780463658565084
1696,2,-0.3095783278039204,0.253,Not Significant,52.52155040749911,-1.77802373993785
1697,3,-0.11972605329634226,0.415,Not Significant,52.5260453192193,-1.778001108038182
1698,20,0.5968131762967751,0.311,Not Significant,52.53054022749606,-1.7779784701553967
1699,1,-0.29120552704512254,0.412,Not Significant,52.53503513232948,-1.7779558262873834
1700,0,-0.5239276699898957,0.025,Not Significant,52.53953003371975,-1.7779331764320339
1701,0,-0.5423004707486936,0.009,Not Significant,52.54402493166703,-1.7779105205872356
1702,1,-0.45656073387430346,0.046,Not Significant,52.548519826171415,-1.777887858750875
1703,1,-0.4381879331155056,0.071,Not Significant,52.55301471723312,-1.7778651909208403
1704,0,-0.45656073387430346,0.133,Not Significant,52.55750960485225,-1.7778425170950174
1705,0,-0.46880926771350206,0.111,Not Significant,52.56200448902897,-1.7778198372712897
1706,2,-0.3953180646783105,0.065,Not Significant,52.56649936976343,-1.7777971514475406
1707,0,-0.5116791361506972,0.04,Not Significant,52.57099424705578,-1.7777744596216531
1708,1,-0.4994306023114985,0.006,Not Significant,52.57548912090618,-1.777751761791509
1709,0,-0.5484247376682929,0.006,Not Significant,52.57998399131474,-1.7777290579549891
1710,0,-0.5484247376682929,0.006,Not Significant,52.58447885828165,-1.7777063481099709
1711,0,-0.5484247376682929,0.006,Not Significant,52.588973721807065,-1.777683632254335
1712,0,-0.5484247376682929,0.006,Not Significant,52.59346858189111,-1.7776609103859573
1713,0,-0.5545490045878921,0.001,Not Significant,52.597963438533924,-1.7776381825027163
1714,0,-0.554549004587892,0.001,Not Significant,52.6024582917357,-1.777615448602484
1715,0,-0.5545490045878921,0.001,Not Significant,52.38668748913139,-1.771353463832455
1716,0,-0.5545490045878921,0.001,Not Significant,52.3911825019718,-1.7713302641942235
1717,0,-0.5545490045878921,0.001,Not Significant,52.39567751136385,-1.7713070584389394
1718,0,-0.5545490045878921,0.001,Not Significant,52.400172517307716,-1.7712838465644547
1719,0,-0.5545490045878921,0.001,Not Significant,52.40466751980351,-1.771260628568621
1720,0,-0.5545490045878921,0.001,Not Significant,52.40916251885142,-1.7712374044492865
1721,0,-0.5545490045878921,0.001,Not Significant,52.41365751445153,-1.7712141742043004
1722,0,-0.5545490045878921,0.001,Not Significant,52.418152506604045,-1.7711909378315112
1723,0,-0.5545490045878921,0.001,Not Significant,52.42264749530909,-1.7711676953287645
1724,0,-0.5545490045878921,0.001,Not Significant,52.4271424805668,-1.7711444466939061
1725,0,-0.5545490045878921,0.001,Not Significant,52.43163746237735,-1.7711211919247811
1726,0,-0.5545490045878921,0.001,Not Significant,52.43613244074087,-1.7710979310192325
1727,0,-0.5545490045878921,0.001,Not Significant,52.4406274156575,-1.7710746639751032
1728,0,-0.36469673008031406,0.363,Not Significant,52.445122387127405,-1.7710513907902343
1729,4,-0.11972605329634226,0.461,Not Significant,52.44961735515073,-1.7710281114624666
1730,3,-0.09522898561794507,0.363,Not Significant,52.4541123197276,-1.7710048259896387
1731,1,-0.27283272628632466,0.446,Not Significant,52.45860728085819,-1.7709815343695892
1732,1,-0.18096872249233523,0.333,Not Significant,52.46310223854263,-1.7709582366001564
1733,12,0.2967240972364097,0.477,Not Significant,52.46759719278107,-1.7709349326791755
1734,2,-0.13197458713554086,0.332,Not Significant,52.47209214357368,-1.770911622604482
1735,3,0.20486009344242034,0.048,Not Significant,52.47658709092057,-1.7708883063739098
1736,23,1.0622574621863217,0.114,Not Significant,52.48108203482194,-1.770864983985293
1737,1,0.05175342045243801,0.075,Not Significant,52.48557697527787,-1.7708416554364617
1738,0,-0.3279511285627183,0.445,Not Significant,52.49007191228855,-1.770818320725249
1739,6,-0.05848338410034936,0.389,Not Significant,52.49456684585416,-1.7707949798494849
1740,4,-0.16259592173353732,0.378,Not Significant,52.49906177597478,-1.7707716328069962
1741,2,-0.37082099699991333,0.113,Not Significant,52.503556702650584,-1.7707482795956127
1742,0,-0.5055548692310978,0.045,Not Significant,52.50805162588173,-1.7707249202131605
1743,4,-0.3463239293215161,0.009,Not Significant,52.51254654566837,-1.770701554657466
1744,0,-0.4933063353918992,0.066,Not Significant,52.51704146201065,-1.7706781829263534
1745,0,-0.4994306023114985,0.055,Not Significant,52.52153637490869,-1.7706548050176472
1746,1,-0.2544599255275268,0.499,Not Significant,52.52603128436269,-1.7706314209291687
1747,10,0.11299608964843086,0.331,Not Significant,52.53052619037277,-1.7706080306587404
1748,0,-0.3463239293215161,0.406,Not Significant,52.53502109293907,-1.7705846342041835
1749,0,-0.5484247376682929,0.006,Not Significant,52.53951599206177,-1.770561231563316
1750,0,-0.5484247376682929,0.006,Not Significant,52.54401088774096,-1.7705378227339577
1751,0,-0.5055548692310978,0.045,Not Significant,52.54850577997686,-1.7705144077139252
1752,6,-0.24833565860792747,0.009,Not Significant,52.553000668769585,-1.770490986501035
1753,0,-0.4994306023114985,0.056,Not Significant,52.55749555411927,-1.7704675590931032
1754,2,-0.4381879331155056,0.012,Not Significant,52.561990436026086,-1.770444125487943
1755,1,-0.47493353463310134,0.025,Not Significant,52.56648531449018,-1.7704206856833682
1756,1,-0.4810578015527006,0.021,Not Significant,52.570980189511715,-1.7703972396771896
1757,0,-0.5423004707486936,0.009,Not Significant,52.57547506109081,-1.770373787467221
1758,0,-0.5484247376682929,0.006,Not Significant,52.57996992922764,-1.7703503290512708
1759,0,-0.5545490045878921,0.001,Not Significant,52.58446479392234,-1.7703268644271473
1760,0,-0.5545490045878921,0.001,Not Significant,52.588959655175074,-1.7703033935926598
1761,0,-0.5545490045878921,0.001,Not Significant,52.59345451298597,-1.770279916545614
1762,0,-0.5545490045878921,0.001,Not Significant,52.59794936735517,-1.770256433283817
1763,0,-0.554549004587892,0.001,Not Significant,52.60244421828288,-1.7702329438050723
1764,0,-0.5545490045878921,0.001,Not Significant,52.3866730677645,-1.7640070085808448
1765,0,-0.5545490045878921,0.001,Not Significant,52.39116807827882,-1.763983062688487
1766,0,-0.5545490045878921,0.001,Not Significant,52.395663085344324,-1.7639591104823327
1767,0,-0.5545490045878921,0.001,Not Significant,52.40015808896116,-1.763935151960165
1768,0,-0.5545490045878921,0.001,Not Significant,52.40465308912945,-1.7639111871197652
1769,0,-0.5545490045878921,0.001,Not Significant,52.40914808584938,-1.7638872159589138
1770,0,-0.5545490045878921,0.001,Not Significant,52.413643079121066,-1.7638632384753916
1771,0,-0.5545490045878921,0.001,Not Significant,52.41813806894467,-1.7638392546669754
1772,0,-0.5545490045878921,0.001,Not Significant,52.42263305532033,-1.7638152645314427
1773,0,-0.5545490045878921,0.001,Not Significant,52.42712803824819,-1.763791268066571
1774,0,-0.5545490045878921,0.001,Not Significant,52.431623017728406,-1.7637672652701344
1775,0,-0.5545490045878921,0.001,Not Significant,52.43611799376113,-1.7637432561399078
1776,0,-0.5545490045878921,0.001,Not Significant,52.44061296634649,-1.7637192406736641
1777,0,-0.4810578015527006,0.083,Not Significant,52.445107935484636,-1.7636952188691748
1778,8,-0.11972605329634226,0.038,Not Significant,52.44960290117574,-1.7636711907242117
1779,0,-0.45656073387430346,0.134,Not Significant,52.454097863419925,-1.7636471562365434
1780,0,-0.5178034030702964,0.031,Not Significant,52.45859282221735,-1.763623115403941
1781,1,-0.3830695308391119,0.2,Not Significant,52.46308777756814,-1.7635990682241702
1782,6,-0.09522898561794507,0.298,Not Significant,52.46758272947249,-1.763575014694998
1783,8,0.03338061969364007,0.379,Not Significant,52.472077677930514,-1.7635509548141912
1784,5,0.03338061969364007,0.299,Not Significant,52.476572622942356,-1.7635268885795123
1785,16,0.4437065033067928,0.419,Not Significant,52.48106756450816,-1.7635028159887256
1786,2,-0.21159005709033168,0.488,Not Significant,52.48556250262809,-1.7634787370395943
1787,0,-0.46880926771350206,0.11,Not Significant,52.49005743730232,-1.7634546517298795
1788,4,-0.24221139168832817,0.192,Not Significant,52.49455236853094,-1.7634305600573401
1789,6,-0.14422312097473944,0.192,Not Significant,52.499047296314124,-1.7634064620197363
1790,0,-0.46880926771350206,0.11,Not Significant,52.50354222065203,-1.763382357614826
1791,0,-0.5116791361506972,0.038,Not Significant,52.5080371415448,-1.763358246840366
1792,1,-0.4810578015527006,0.021,Not Significant,52.512532058992576,-1.7633341296941125
1793,0,-0.5116791361506972,0.038,Not Significant,52.517026972995524,-1.76331000617382
1794,2,-0.44431220003510485,0.009,Not Significant,52.521521883553774,-1.7632858762772425
1795,1,-0.3953180646783105,0.17,Not Significant,52.52601679066747,-1.7632617400021324
1796,3,-0.32182686164311897,0.11,Not Significant,52.53051169433679,-1.763237597346241
1797,0,-0.46268500079390273,0.121,Not Significant,52.53500659456186,-1.7632134483073196
1798,0,-0.5484247376682929,0.006,Not Significant,52.539501491342826,-1.7631892928831168
1799,0,-0.5484247376682929,0.006,Not Significant,52.54399638467983,-1.7631651310713805
1800,0,-0.5116791361506972,0.038,Not Significant,52.548491274573074,-1.7631409628698598
1801,0,-0.5178034030702964,0.031,Not Significant,52.55298616102265,-1.7631167882762986
1802,0,-0.5055548692310978,0.048,Not Significant,52.55748104402872,-1.7630926072884439
1803,0,-0.5361762038290944,0.012,Not Significant,52.56197592359144,-1.763068419904038
1804,0,-0.530051936909495,0.021,Not Significant,52.56647079971096,-1.7630442261208248
1805,0,-0.5423004707486936,0.009,Not Significant,52.57096567238742,-1.7630200259365458
1806,0,-0.5484247376682929,0.006,Not Significant,52.57546054162101,-1.7629958193489415
1807,0,-0.5545490045878921,0.001,Not Significant,52.579955407411816,-1.7629716063557523
1808,0,-0.5545490045878921,0.001,Not Significant,52.58445026976002,-1.7629473869547154
1809,0,-0.5545490045878921,0.001,Not Significant,52.588945128665785,-1.7629231611435694
1810,0,-0.5545490045878921,0.001,Not Significant,52.59343998412924,-1.7628989289200498
1811,0,-0.5545490045878921,0.001,Not Significant,52.59793483615054,-1.7628746902818926
1812,0,-0.554549004587892,0.001,Not Significant,52.60242968472984,-1.7628504452268308
1813,0,-0.5545490045878921,0.001,Not Significant,52.38665818984928,-1.7566605596408424
1814,0,-0.5545490045878921,0.001,Not Significant,52.3911531979639,-1.756635867496574
1815,0,-0.5545490045878921,0.001,Not Significant,52.39564820262922,-1.7566111688417665
1816,0,-0.5545490045878921,0.001,Not Significant,52.40014320384537,-1.7565864636741328
1817,0,-0.5545490045878921,0.001,Not Significant,52.404638201612485,-1.756561751991388
1818,0,-0.5545490045878921,0.001,Not Significant,52.409133195930764,-1.7565370337912405
1819,0,-0.5545490045878921,0.001,Not Significant,52.41362818680031,-1.7565123090714023
1820,0,-0.5545490045878921,0.001,Not Significant,52.41812317422129,-1.7564875778295825
1821,0,-0.5545490045878921,0.001,Not Significant,52.42261815819382,-1.7564628400634883
1822,0,-0.5545490045878921,0.001,Not Significant,52.42711313871808,-1.7564380957708272
1823,0,-0.5545490045878921,0.001,Not Significant,52.43160811579421,-1.7564133449493058
1824,0,-0.5545490045878921,0.001,Not Significant,52.43610308942235,-1.7563885875966276
1825,0,-0.5545490045878921,0.001,Not Significant,52.44059805960267,-1.7563638237104973
1826,0,-0.5055548692310978,0.048,Not Significant,52.44509302633527,-1.7563390532886172
1827,0,-0.5055548692310978,0.048,Not Significant,52.44958798962032,-1.7563142763286888
1828,0,-0.5055548692310978,0.048,Not Significant,52.45408294945797,-1.7562894928284125
1829,0,-0.5484247376682929,0.006,Not Significant,52.45857790584839,-1.7562647027854876
1830,0,-0.5116791361506972,0.038,Not Significant,52.463072858791676,-1.7562399061976122
1831,0,-0.44431220003510485,0.17,Not Significant,52.467567808288024,-1.756215103062484
1832,3,-0.28508126012552326,0.201,Not Significant,52.47206275433756,-1.7561902933777975
1833,1,-0.3095783278039204,0.377,Not Significant,52.476557696940425,-1.7561654771412494
1834,0,-0.4075665985175091,0.254,Not Significant,52.48105263609678,-1.7561406543505318
1835,0,-0.44431220003510485,0.17,Not Significant,52.48554757180677,-1.7561158250033382
1836,0,-0.5116791361506972,0.038,Not Significant,52.49004250407053,-1.7560909890973602
1837,1,-0.43206366619590625,0.083,Not Significant,52.49453743288824,-1.7560661466302885
1838,2,-0.38919379775871127,0.076,Not Significant,52.49903235826002,-1.7560412975998103
1839,0,-0.5055548692310978,0.048,Not Significant,52.503527280186006,-1.7560164420036164
1840,0,-0.5484247376682929,0.006,Not Significant,52.50802219866637,-1.755991579839393
1841,0,-0.5484247376682929,0.006,Not Significant,52.51251711370126,-1.7559667111048252
1842,0,-0.5239276699898957,0.025,Not Significant,52.51701202529082,-1.755941835797599
1843,0,-0.5239276699898957,0.025,Not Significant,52.52150693343519,-1.7559169539153978
1844,0,-0.4810578015527006,0.083,Not Significant,52.52600183813454,-1.7558920654559038
1845,2,-0.4198151323567077,0.032,Not Significant,52.530496739389,-1.7558671704167994
1846,0,-0.5116791361506972,0.039,Not Significant,52.534991637198715,-1.7558422687957638
1847,0,-0.5423004707486936,0.009,Not Significant,52.53948653156386,-1.7558173605904768
1848,1,-0.4994306023114985,0.006,Not Significant,52.54398142248455,-1.755792445798617
1849,0,-0.5423004707486936,0.009,Not Significant,52.54847630996096,-1.7557675244178605
1850,0,-0.5545490045878921,0.001,Not Significant,52.5529711939932,-1.755742596445884
1851,0,-0.5545490045878921,0.001,Not Significant,52.55746607458149,-1.755717661880362
1852,0,-0.5545490045878921,0.001,Not Significant,52.56196095172591,-1.7556927207189679
1853,0,-0.5545490045878921,0.001,Not Significant,52.56645582542666,-1.755667772959375
1854,0,-0.5545490045878921,0.001,Not Significant,52.570950695683834,-1.7556428185992532
1855,0,-0.5545490045878921,0.001,Not Significant,52.57544556249765,-1.7556178576362753
1856,0,-0.5545490045878921,0.001,Not Significant,52.57994042586819,-1.7555928900681077
1857,0,-0.5545490045878921,0.001,Not Significant,52.58443528579563,-1.7555679158924204
1858,0,-0.5545490045878921,0.001,Not Significant,52.588930142280134,-1.7555429351068799
1859,0,-0.5545490045878921,0.001,Not Significant,52.59342499532185,-1.7555179477091505
1860,0,-0.5545490045878921,0.001,Not Significant,52.5979198449209,-1.7554929536968988
1861,0,-0.554549004587892,0.001,Not Significant,52.60241469107747,-1.755467953067788
1862,0,-0.5545490045878922,0.001,Not Significant,52.38664285538668,-1.7493141172091204
1863,0,-0.5545490045878921,0.001,Not Significant,52.39113786102796,-1.7492886788152269
1864,0,-0.5545490045878921,0.001,Not Significant,52.39563286321941,-1.7492632337140528
1865,0,-0.5545490045878921,0.001,Not Significant,52.400127861961245,-1.7492377819032425
1866,0,-0.5545490045878921,0.001,Not Significant,52.40462285725354,-1.7492123233804395
1867,0,-0.5545490045878921,0.001,Not Significant,52.409117849096454,-1.749186858143286
1868,0,-0.5545490045878921,0.001,Not Significant,52.41361283749016,-1.749161386189423
1869,0,-0.5545490045878921,0.001,Not Significant,52.418107822434784,-1.7491359075164907
1870,0,-0.5545490045878921,0.001,Not Significant,52.42260280393049,-1.7491104221221279
1871,0,-0.5545490045878921,0.001,Not Significant,52.4270977819774,-1.7490849300039717
1872,0,-0.5545490045878921,0.001,Not Significant,52.431592756575675,-1.7490594311596595
1873,0,-0.5545490045878921,0.001,Not Significant,52.436087727725464,-1.7490339255868264
1874,0,-0.5545490045878921,0.001,Not Significant,52.44058269542692,-1.7490084132831074
1875,0,-0.5545490045878921,0.001,Not Significant,52.44507765968015,-1.7489828942461347
1876,0,-0.5545490045878921,0.001,Not Significant,52.449572620485355,-1.748957368473541
1877,0,-0.5545490045878921,0.001,Not Significant,52.45406757784264,-1.7489318359629566
1878,0,-0.5545490045878921,0.001,Not Significant,52.458562531752186,-1.7489062967120115
1879,0,-0.5545490045878921,0.001,Not Significant,52.46305748221411,-1.748880750718335
1880,0,-0.5251525233738155,0.079,Not Significant,52.46755242922858,-1.748855197979554
1881,0,-0.5153536963024566,0.097,Not Significant,52.47204737279573,-1.7488296384932949
1882,0,-0.5153536963024566,0.097,Not Significant,52.47654231291572,-1.7488040722571825
1883,0,-0.5447501775165333,0.044,Not Significant,52.48103724958869,-1.7487784992688409
1884,0,-0.5545490045878921,0.001,Not Significant,52.485532182814794,-1.7487529195258942
1885,0,-0.5447501775165333,0.044,Not Significant,52.49002711259415,-1.7487273330259625
1886,0,-0.5251525233738155,0.079,Not Significant,52.49452203892696,-1.7487017397666675
1887,0,-0.5251525233738155,0.079,Not Significant,52.49901696181333,-1.7486761397456283
1888,0,-0.5349513504451745,0.059,Not Significant,52.50351188125341,-1.7486505329604631
1889,0,-0.5545490045878921,0.001,Not Significant,52.50800679724737,-1.7486249194087904
1890,0,-0.5545490045878921,0.001,Not Significant,52.51250170979533,-1.7485992990882242
1891,0,-0.5349513504451745,0.059,Not Significant,52.51699661889748,-1.7485736719963807
1892,2,-0.45656073387430346,0.001,Not Significant,52.521491524553916,-1.7485480381308738
1893,0,-0.49575604215973895,0.143,Not Significant,52.52598642676481,-1.7485223974893143
1894,2,-0.43696307973158577,0.061,Not Significant,52.530481325530324,-1.7484967500693152
1895,0,-0.5153536963024566,0.097,Not Significant,52.53497622085061,-1.7484710958684864
1896,0,-0.5349513504451745,0.061,Not Significant,52.539471112725785,-1.7484454348844376
1897,1,-0.49575604215973895,0.045,Not Significant,52.543966001156015,-1.748419767114776
1898,0,-0.5349513504451745,0.061,Not Significant,52.54846088614144,-1.748394092557109
1899,0,-0.5545490045878921,0.001,Not Significant,52.55295576768223,-1.748368411209042
1900,0,-0.5545490045878921,0.001,Not Significant,52.55745064577851,-1.7483427230681794
1901,0,-0.5545490045878921,0.001,Not Significant,52.56194552043045,-1.7483170281321248
1902,0,-0.5545490045878921,0.001,Not Significant,52.56644039163819,-1.7482913263984796
1903,0,-0.5545490045878921,0.001,Not Significant,52.57093525940186,-1.7482656178648466
1904,0,-0.5545490045878921,0.001,Not Significant,52.57543012372166,-1.7482399025288242
1905,0,-0.5545490045878921,0.001,Not Significant,52.57992498459766,-1.7482141803880107
1906,0,-0.5545490045878921,0.001,Not Significant,52.58441984203009,-1.7481884514400057
1907,0,-0.5545490045878921,0.001,Not Significant,52.58891469601904,-1.7481627156824038
1908,0,-0.5545490045878921,0.001,Not Significant,52.593409546564715,-1.7481369731128014
1909,0,-0.5545490045878921,0.001,Not Significant,52.5979043936672,-1.748111223728792
1910,0,-0.554549004587892,0.001,Not Significant,52.6023992373267,-1.7480854675279682
